OBJECTID,id,date_observed,latitude,longitude,RASTERVALU,Station,Name,Latitude_1,Longitude_1,Master_Weather_Stations.PRCP,TMAX_F,TMIN_F,Master_Weather_Stations.TMAX,Master_Weather_Stations.TMIN,3_day_rain,7_day_rain,AVG_TEMP_F,RECENT_RAIN
845,26215777,6/1/2019,35.78025,-94.24598667,41,USW00093993,FAYETTEVILLE,36.01027,-94.16824,0,84.92,57.92,294,144,1.720472441,1.842519685,71.42,Yes
847,30628799,8/10/2019,35.7799541,-94.2500196,21,USW00093993,FAYETTEVILLE,36.01027,-94.16824,8,89.06,73.04,317,228,0.409448819,1.051181102,81.05,Yes
848,33854027,10/3/2019,35.780505,-94.24832833,41,USW00093993,FAYETTEVILLE,36.01027,-94.16824,0,84.02,60.98,289,161,0,1.5,72.5,Yes
850,34637489,10/14/2019,35.78678513,-94.24926758,41,USW00093993,FAYETTEVILLE,36.01027,-94.16824,0,73.94,39.02,233,39,0.38976378,2.141732283,56.48,Yes
851,34637501,10/14/2019,35.78678894,-94.24926758,41,USW00093993,FAYETTEVILLE,36.01027,-94.16824,0,73.94,39.02,233,39,0.38976378,2.141732283,56.48,Yes
1359,178101321,8/25/2017,36.15515582,-93.73099093,41,USW00093993,FAYETTEVILLE,36.01027,-94.16824,0,82.94,53.96,283,122,0.141732283,0.381889764,68.45,Yes
1360,178101332,8/25/2017,36.15515582,-93.73099093,41,USW00093993,FAYETTEVILLE,36.01027,-94.16824,0,82.94,53.96,283,122,0.141732283,0.381889764,68.45,Yes
922,27288440,6/18/2019,35.71308864,-93.80161151,41,USW00093993,FAYETTEVILLE,36.01027,-94.16824,0,84.02,62.06,289,167,0.366141732,0.535433071,73.04,Yes
1586,27252314,6/18/2019,36.46458,-94.272255,21,USW00093993,FAYETTEVILLE,36.01027,-94.16824,0,84.02,62.06,289,167,0.366141732,0.535433071,73.04,Yes
923,31434002,8/24/2019,35.67906287,-93.68663929,41,USW00093993,FAYETTEVILLE,36.01027,-94.16824,18,84.02,69.98,289,211,2.751968504,2.811023622,77,Yes
924,31434234,8/24/2019,35.67906287,-93.68663929,41,USW00093993,FAYETTEVILLE,36.01027,-94.16824,18,84.02,69.98,289,211,2.751968504,2.811023622,77,Yes
1687,31474748,8/24/2019,36.4318005,-93.84141299,41,USW00093993,FAYETTEVILLE,36.01027,-94.16824,18,84.02,69.98,289,211,2.751968504,2.811023622,77,Yes
1123,26688023,6/9/2019,36.1324305,-94.13585,41,USW00093993,FAYETTEVILLE,36.01027,-94.16824,0,82.94,59,283,150,3.429133858,3.622047244,70.97,Yes
1583,26679808,6/9/2019,36.46067526,-94.2005456,41,USW00093993,FAYETTEVILLE,36.01027,-94.16824,0,82.94,59,283,150,3.429133858,3.622047244,70.97,Yes
1124,27823927,6/28/2019,35.99855,-94.1341555,41,USW00093993,FAYETTEVILLE,36.01027,-94.16824,0,89.06,64.94,317,183,0,4.602362205,77,Yes
1125,29345343,7/22/2019,36.34710646,-94.10343324,41,USW00093993,FAYETTEVILLE,36.01027,-94.16824,117,82.04,62.96,278,172,0.051181102,0.5,72.5,Yes
1126,32787229,9/14/2019,36.3377914,-94.1289663,22,USW00093993,FAYETTEVILLE,36.01027,-94.16824,0,87.98,62.06,311,167,0.960629921,0.960629921,75.02,Yes
1127,34644531,10/20/2019,36.06541443,-94.14274597,41,USW00093993,FAYETTEVILLE,36.01027,-94.16824,135,77,46.94,250,83,0.011811024,0.251968504,61.97,Yes
1336,32676889,8/30/2019,36.14476383,-93.83155,41,USW00093993,FAYETTEVILLE,36.01027,-94.16824,48,75.92,64.94,244,183,0.011811024,2.401574803,70.43,Yes
1581,26627513,6/8/2019,36.44976333,-94.23438333,41,USW00093993,FAYETTEVILLE,36.01027,-94.16824,0,86,60.98,300,161,3.429133858,3.622047244,73.49,Yes
1582,26643181,6/8/2019,36.44757,-94.21900833,41,USW00093993,FAYETTEVILLE,36.01027,-94.16824,0,86,60.98,300,161,3.429133858,3.622047244,73.49,Yes
1584,26996741,6/14/2019,36.49728833,-94.220405,41,USW00093993,FAYETTEVILLE,36.01027,-94.16824,0,78.98,55.04,261,128,0.169291339,0.299212598,67.01,Yes
1585,27028175,6/14/2019,36.49797,-94.22086333,41,USW00093993,FAYETTEVILLE,36.01027,-94.16824,0,78.98,55.04,261,128,0.169291339,0.299212598,67.01,Yes
1587,27291587,6/19/2019,36.3813044,-94.2035398,22,USW00093993,FAYETTEVILLE,36.01027,-94.16824,43,84.02,64.94,289,183,0.216535433,0.535433071,74.48,Yes
1588,32099975,9/4/2019,36.45073474,-94.19182381,21,USW00093993,FAYETTEVILLE,36.01027,-94.16824,0,91.04,64.04,328,178,0.181102362,0.37007874,77.54,Yes
1589,32105023,9/4/2019,36.38075834,-94.20355218,41,USW00093993,FAYETTEVILLE,36.01027,-94.16824,0,91.04,64.04,328,178,0.181102362,0.37007874,77.54,Yes
1590,32158367,9/5/2019,36.45063994,-94.19185859,21,USW00093993,FAYETTEVILLE,36.01027,-94.16824,0,91.04,64.04,328,178,0,0.37007874,77.54,Yes
1128,55853605,8/8/2020,36.06441,-94.139412,41,USW00093993,FAYETTEVILLE,36.01027,-94.16824,0,89.06,71.96,317,222,0.622047244,0.622047244,80.51,Yes
1129,55949508,8/9/2020,36.27614167,-93.96528667,41,USW00093993,FAYETTEVILLE,36.01027,-94.16824,8,91.04,71.06,328,217,0.622047244,0.622047244,81.05,Yes
1130,56584145,8/15/2020,36.09393489,-94.37425378,41,USW00093993,FAYETTEVILLE,36.01027,-94.16824,0,93.02,66.92,339,194,0,0.511811024,79.97,Yes
852,59131057,8/16/2020,35.74514447,-94.03646034,41,USW00093993,FAYETTEVILLE,36.01027,-94.16824,0,91.04,64.94,328,183,0,0.511811024,77.99,Yes
854,60139915,8/29/2020,35.63879729,-93.95718816,11,USW00093993,FAYETTEVILLE,36.01027,-94.16824,0,91.94,66.92,333,194,0.011811024,0.011811024,79.43,Yes
927,58769654,9/6/2020,35.65953,-93.72788833,41,USW00093993,FAYETTEVILLE,36.01027,-94.16824,0,87.08,66.02,306,189,0,1.212598425,76.55,Yes
853,60018186,9/18/2020,35.778713,-94.24726783,41,USW00093993,FAYETTEVILLE,36.01027,-94.16824,0,78.98,53.96,261,122,0,0,66.47,No
855,80828793,5/29/2021,35.78479565,-94.24716029,41,USW00093993,FAYETTEVILLE,36.01027,-94.16824,0,66.02,50,189,100,1.637795276,2.157480315,58.01,Yes
856,81189112,5/29/2021,35.78819667,-94.24858833,41,USW00093993,FAYETTEVILLE,36.01027,-94.16824,0,66.02,50,189,100,1.637795276,2.157480315,58.01,Yes
1688,81374887,6/2/2021,36.41971167,-93.79068833,41,USW00093993,FAYETTEVILLE,36.01027,-94.16824,0,66.92,57.92,194,144,1.271653543,2.909448819,62.42,Yes
1689,81375120,6/2/2021,36.41974167,-93.79076333,41,USW00093993,FAYETTEVILLE,36.01027,-94.16824,0,66.92,57.92,194,144,1.271653543,2.909448819,62.42,Yes
1591,81637922,6/4/2021,36.47483552,-94.1922225,41,USW00093993,FAYETTEVILLE,36.01027,-94.16824,0,84.02,53.96,289,122,1.019685039,1.291338583,68.99,Yes
1592,81644092,6/4/2021,36.4789042,-94.2075494,41,USW00093993,FAYETTEVILLE,36.01027,-94.16824,0,84.02,53.96,289,122,1.019685039,1.291338583,68.99,Yes
1690,90821444,6/6/2021,36.409858,-93.74072545,42,USW00093993,FAYETTEVILLE,36.01027,-94.16824,28,82.94,62.96,283,172,0,1.271653543,72.95,Yes
857,82190836,6/8/2021,35.78495511,-94.21412488,41,USW00093993,FAYETTEVILLE,36.01027,-94.16824,3,87.08,66.02,306,189,1.12992126,2.149606299,76.55,Yes
858,82933472,6/11/2021,35.64433333,-93.960245,41,USW00093993,FAYETTEVILLE,36.01027,-94.16824,0,91.94,69.98,333,211,0.011811024,1.141732283,80.96,Yes
859,82933599,6/11/2021,35.643495,-93.96215,21,USW00093993,FAYETTEVILLE,36.01027,-94.16824,0,91.94,69.98,333,211,0.011811024,1.141732283,80.96,Yes
1131,82897150,6/13/2021,36.06674505,-94.14603699,21,USW00093993,FAYETTEVILLE,36.01027,-94.16824,0,91.04,64.94,328,183,0,1.141732283,77.99,Yes
1132,82935586,6/13/2021,36.06674505,-94.14603699,21,USW00093993,FAYETTEVILLE,36.01027,-94.16824,0,91.04,64.94,328,183,0,1.141732283,77.99,Yes
860,84923327,6/28/2021,35.63481357,-94.03120323,43,USW00093993,FAYETTEVILLE,36.01027,-94.16824,3,86,68,300,200,1,1.811023622,77,Yes
1593,85091786,6/30/2021,36.46360675,-94.1823778,41,USW00093993,FAYETTEVILLE,36.01027,-94.16824,10,87.08,69.08,306,206,1.011811024,1.011811024,78.08,Yes
1133,85768350,7/5/2021,36.06618432,-94.15785313,23,USW00093993,FAYETTEVILLE,36.01027,-94.16824,0,84.92,59,294,150,0,0.279527559,71.96,Yes
1134,87201282,7/11/2021,35.99950534,-94.41569254,41,USW00093993,FAYETTEVILLE,36.01027,-94.16824,20,80.96,62.96,272,172,0.051181102,0.051181102,71.96,Yes
1594,86577533,7/11/2021,36.48219574,-94.18374856,41,USW00093993,FAYETTEVILLE,36.01027,-94.16824,20,80.96,62.96,272,172,0.051181102,0.051181102,71.96,Yes
1595,86970327,7/14/2021,36.42787552,-94.24781799,21,USW00093993,FAYETTEVILLE,36.01027,-94.16824,0,87.98,64.04,311,178,0.078740157,0.12992126,76.01,Yes
1596,87660596,7/18/2021,36.46978139,-94.26008917,41,USW00093993,FAYETTEVILLE,36.01027,-94.16824,64,87.08,69.08,306,206,2.220472441,2.299212598,78.08,Yes
1135,87924698,7/20/2021,35.99683298,-94.13593981,41,USW00093993,FAYETTEVILLE,36.01027,-94.16824,0,82.94,64.94,283,183,1.692913386,2.472440945,73.94,Yes
1597,88010014,7/21/2021,36.4704098,-94.38983636,41,USW00093993,FAYETTEVILLE,36.01027,-94.16824,0,86,62.06,300,167,0.251968504,2.472440945,74.03,Yes
1137,89185674,7/24/2021,36.0640055,-94.136025,41,USW00093993,FAYETTEVILLE,36.01027,-94.16824,0,91.04,69.98,328,211,0,1.692913386,80.51,Yes
1136,88747154,7/26/2021,36.06470044,-94.14182311,41,USW00093993,FAYETTEVILLE,36.01027,-94.16824,8,93.92,71.96,344,222,0.279527559,0.279527559,82.94,Yes
862,89100386,7/28/2021,35.797755,-94.24513833,43,USW00093993,FAYETTEVILLE,36.01027,-94.16824,0,93.02,71.96,339,222,0.311023622,0.311023622,82.49,Yes
1138,89268697,7/30/2021,36.07507324,-94.15517662,21,USW00093993,FAYETTEVILLE,36.01027,-94.16824,0,93.92,66.92,344,194,0,0.311023622,80.42,Yes
1139,89534154,8/1/2021,36.13333592,-94.13361014,41,USW00093993,FAYETTEVILLE,36.01027,-94.16824,0,84.92,66.92,294,194,0,0.311023622,75.92,Yes
1140,89684303,8/2/2021,36.06661666,-94.13622217,41,USW00093993,FAYETTEVILLE,36.01027,-94.16824,0,87.08,66.02,306,189,0,0.031496063,76.55,Yes
1141,89685095,8/2/2021,36.06519717,-94.13649717,41,USW00093993,FAYETTEVILLE,36.01027,-94.16824,0,87.08,66.02,306,189,0,0.031496063,76.55,Yes
1142,89845426,8/3/2021,36.06886667,-94.13005833,41,USW00093993,FAYETTEVILLE,36.01027,-94.16824,0,84.92,62.06,294,167,0,0,73.49,No
1143,89945736,8/4/2021,36.04841117,-94.04779167,41,USW00093993,FAYETTEVILLE,36.01027,-94.16824,10,82.94,60.98,283,161,0,0,71.96,No
1144,90338872,8/7/2021,35.99941111,-94.13424722,41,USW00093993,FAYETTEVILLE,36.01027,-94.16824,0,87.98,62.96,311,172,0.039370079,0.039370079,75.47,Yes
1350,90540042,8/8/2021,36.25928667,-93.70161333,41,USW00093993,FAYETTEVILLE,36.01027,-94.16824,0,89.96,73.04,322,228,0,0.039370079,81.5,Yes
1599,98654673,10/18/2021,36.46024667,-94.22703667,21,USW00093993,FAYETTEVILLE,36.01027,-94.16824,0,73.04,39.02,228,39,0.681102362,3.102362205,56.03,Yes
1600,100055065,10/25/2021,36.46794831,-94.28196036,41,USW00093993,FAYETTEVILLE,36.01027,-94.16824,0,66.02,44.96,189,72,0.011811024,0.011811024,55.49,Yes
1353,118860679,5/26/2022,36.20411832,-93.84862399,41,USW00093993,FAYETTEVILLE,36.01027,-94.16824,15,60.98,53.96,161,122,1.291338583,1.311023622,57.47,Yes
1354,118861763,5/26/2022,36.23854134,-93.85482989,81,USW00093993,FAYETTEVILLE,36.01027,-94.16824,15,60.98,53.96,161,122,1.291338583,1.311023622,57.47,Yes
1145,120535416,5/28/2022,36.27463889,-93.96641667,43,USW00093993,FAYETTEVILLE,36.01027,-94.16824,0,82.94,51.08,283,106,0.480314961,1.37007874,67.01,Yes
1601,119326367,5/28/2022,36.37983827,-94.20123375,41,USW00093993,FAYETTEVILLE,36.01027,-94.16824,0,82.94,51.08,283,106,0.480314961,1.37007874,67.01,Yes
1602,119330111,5/29/2022,36.446627,-94.2057613,41,USW00093993,FAYETTEVILLE,36.01027,-94.16824,0,87.98,69.98,311,211,0.059055118,1.350393701,78.98,Yes
1147,127350083,6/3/2022,36.2623307,-94.23119241,11,USW00093993,FAYETTEVILLE,36.01027,-94.16824,0,82.04,51.98,278,111,,,67.01,
1603,120572319,6/6/2022,36.47868357,-94.28447697,21,USW00093993,FAYETTEVILLE,36.01027,-94.16824,155,82.04,60.98,278,161,0.401574803,,71.51,
863,121287894,6/11/2022,35.78691539,-94.41023172,41,USW00093993,FAYETTEVILLE,36.01027,-94.16824,0,89.96,64.94,322,183,2.200787402,3.224409449,77.45,Yes
1355,122840411,6/18/2022,36.25690018,-93.70367065,43,USW00093993,FAYETTEVILLE,36.01027,-94.16824,8,93.92,69.98,344,211,0,0,81.95,No
1146,122530400,6/19/2022,36.06414138,-94.13670324,41,USW00093993,FAYETTEVILLE,36.01027,-94.16824,0,91.94,62.06,333,167,0.031496063,0.031496063,77,Yes
929,123091476,6/22/2022,35.6485037,-93.7481764,42,USW00093993,FAYETTEVILLE,36.01027,-94.16824,0,95,66.92,350,194,0,0.031496063,80.96,Yes
1148,133507700,9/3/2022,36.28336333,-93.97334167,43,USW00093993,FAYETTEVILLE,36.01027,-94.16824,0,84.92,66.92,294,194,1.271653543,1.551181102,75.92,Yes
1149,133798972,9/5/2022,36.07036667,-94.12754717,41,USW00093993,FAYETTEVILLE,36.01027,-94.16824,0,86,66.02,300,189,1.12992126,1.551181102,76.01,Yes
1611,196148557,9/8/2022,36.3818542,-94.2026525,24,USW00093993,FAYETTEVILLE,36.01027,-94.16824,0,86,59,300,150,0,1.271653543,72.5,Yes
1150,138261351,10/1/2022,36.13619301,-94.13443412,11,USW00093993,FAYETTEVILLE,36.01027,-94.16824,0,80.96,39.92,272,44,0,0.011811024,60.44,Yes
1151,165987480,6/6/2023,36.17481394,-93.96847239,41,USW00093993,FAYETTEVILLE,36.01027,-94.16824,30,87.98,62.06,311,167,1.992125984,1.992125984,75.02,Yes
930,167042837,6/10/2023,35.5869461,-93.52377031,42,USW00093993,FAYETTEVILLE,36.01027,-94.16824,91,77,62.96,250,172,1,3.11023622,69.98,Yes
1357,167111550,6/12/2023,35.83329635,-93.75146903,81,USW00093993,FAYETTEVILLE,36.01027,-94.16824,0,77,60.08,250,156,1.358267717,1.476377953,68.54,Yes
1156,203622493,6/18/2023,36.33322917,-94.10519302,21,USW00093993,FAYETTEVILLE,36.01027,-94.16824,13,78.98,64.04,261,178,0.011811024,0.842519685,71.51,Yes
1604,168388443,6/19/2023,36.44029071,-94.22794059,41,USW00093993,FAYETTEVILLE,36.01027,-94.16824,0,91.94,60.98,333,161,0.062992126,0.893700787,76.46,Yes
1605,168427077,6/19/2023,36.44294284,-94.22541663,41,USW00093993,FAYETTEVILLE,36.01027,-94.16824,0,91.94,60.98,333,161,0.062992126,0.893700787,76.46,Yes
1152,169887971,6/26/2023,36.00388333,-94.42424667,41,USW00093993,FAYETTEVILLE,36.01027,-94.16824,0,89.96,60.98,322,161,0,0,75.47,No
1153,171387981,6/26/2023,36.00347085,-94.42276888,41,USW00093993,FAYETTEVILLE,36.01027,-94.16824,0,89.96,60.98,322,161,0,0,75.47,No
1606,169599303,6/26/2023,36.46925278,-94.25890278,41,USW00093993,FAYETTEVILLE,36.01027,-94.16824,0,89.96,60.98,322,161,0,0,75.47,No
1607,169602299,6/26/2023,36.4691823,-94.2591071,41,USW00093993,FAYETTEVILLE,36.01027,-94.16824,0,89.96,60.98,322,161,0,0,75.47,No
1608,172047085,7/9/2023,36.4396806,-94.22656763,41,USW00093993,FAYETTEVILLE,36.01027,-94.16824,10,84.02,66.02,289,189,0.059055118,0.137795276,75.02,Yes
1609,173831329,7/19/2023,36.47292772,-94.23702657,41,USW00093993,FAYETTEVILLE,36.01027,-94.16824,0,95,78.08,350,256,0.078740157,4.531496063,86.54,Yes
1610,174394095,7/22/2023,36.45408833,-94.0173945,41,USW00093993,FAYETTEVILLE,36.01027,-94.16824,0,86,64.94,300,183,0.24015748,0.350393701,75.47,Yes
1154,176222324,7/29/2023,36.00025556,-94.42345278,41,USW00093993,FAYETTEVILLE,36.01027,-94.16824,0,96.08,71.06,356,217,0,0,83.57,No
1691,178977072,8/15/2023,36.40063986,-93.73928905,23,USW00093993,FAYETTEVILLE,36.01027,-94.16824,0,82.04,57.92,278,144,1.614173228,2.586614173,69.98,Yes
1155,193249011,9/26/2023,36.00359722,-94.137275,43,USW00093993,FAYETTEVILLE,36.01027,-94.16824,0,89.06,55.94,317,133,2.751968504,4.570866142,72.5,Yes
1362,187978461,10/14/2023,36.25676095,-93.70397609,43,USW00093993,FAYETTEVILLE,36.01027,-94.16824,0,57.92,46.94,144,83,0,0,52.43,No
1612,215248822,5/12/2024,36.43970247,-94.22514194,41,USW00093993,FAYETTEVILLE,36.01027,-94.16824,0,78.98,60.08,261,156,0,2.590551181,69.53,Yes
1157,216571352,5/18/2024,36.29735632,-93.9316437,41,USW00093993,FAYETTEVILLE,36.01027,-94.16824,0,86,57.92,300,144,0,0.051181102,71.96,Yes
1613,216609373,5/18/2024,36.465514,-94.2126832,41,USW00093993,FAYETTEVILLE,36.01027,-94.16824,0,86,57.92,300,144,0,0.051181102,71.96,Yes
1158,217581505,5/22/2024,36.26246341,-94.23095372,81,USW00093993,FAYETTEVILLE,36.01027,-94.16824,102,77,62.06,250,167,0.031496063,0.031496063,69.53,Yes
1159,217596580,5/22/2024,36.13208333,-94.13556667,41,USW00093993,FAYETTEVILLE,36.01027,-94.16824,102,77,62.06,250,167,0.031496063,0.031496063,69.53,Yes
1160,217774550,5/23/2024,36.0697695,-94.16094167,22,USW00093993,FAYETTEVILLE,36.01027,-94.16824,0,82.94,64.94,283,183,0.433070866,0.433070866,73.94,Yes
1161,218238348,5/25/2024,36.33092833,-94.10381383,41,USW00093993,FAYETTEVILLE,36.01027,-94.16824,0,87.98,64.94,311,183,0.421259843,0.452755906,76.46,Yes
1615,218442531,5/25/2024,36.45886109,-94.22479455,41,USW00093993,FAYETTEVILLE,36.01027,-94.16824,0,87.98,64.94,311,183,0.421259843,0.452755906,76.46,Yes
865,218564883,5/26/2024,35.789489,-94.24939297,41,USW00093993,FAYETTEVILLE,36.01027,-94.16824,3,89.96,68,322,200,0.019685039,0.452755906,78.98,Yes
1162,219177106,5/29/2024,36.13206597,-94.13740195,41,USW00093993,FAYETTEVILLE,36.01027,-94.16824,0,82.94,59,283,150,0.023622047,0.44488189,70.97,Yes
1163,219224483,5/29/2024,36.13206597,-94.13740195,41,USW00093993,FAYETTEVILLE,36.01027,-94.16824,0,82.94,59,283,150,0.023622047,0.44488189,70.97,Yes
1164,219224917,5/29/2024,36.13206597,-94.13740195,41,USW00093993,FAYETTEVILLE,36.01027,-94.16824,0,82.94,59,283,150,0.023622047,0.44488189,70.97,Yes
1616,219224510,5/29/2024,36.44818994,-94.22071778,41,USW00093993,FAYETTEVILLE,36.01027,-94.16824,0,82.94,59,283,150,0.023622047,0.44488189,70.97,Yes
866,219396618,5/30/2024,35.78680038,-94.2492218,41,USW00093993,FAYETTEVILLE,36.01027,-94.16824,23,82.04,60.08,278,156,0.011811024,0.043307087,71.06,Yes
1165,219407195,5/30/2024,36.05452217,-94.06299717,41,USW00093993,FAYETTEVILLE,36.01027,-94.16824,23,82.04,60.08,278,156,0.011811024,0.043307087,71.06,Yes
1168,220371952,6/1/2024,36.0961203,-94.2350078,41,USW00093993,FAYETTEVILLE,36.01027,-94.16824,0,82.94,62.96,283,172,0.271653543,0.295275591,72.95,Yes
1166,220173047,6/2/2024,36.00134722,-94.134025,41,USW00093993,FAYETTEVILLE,36.01027,-94.16824,0,84.92,59,294,150,0.271653543,0.295275591,71.96,Yes
1363,220017617,6/2/2024,36.25871389,-93.70306667,41,USW00093993,FAYETTEVILLE,36.01027,-94.16824,0,84.92,59,294,150,0.271653543,0.295275591,71.96,Yes
1167,220300628,6/3/2024,36.35038606,-94.04951062,41,USW00093993,FAYETTEVILLE,36.01027,-94.16824,58,77,64.04,250,178,0.181102362,0.283464567,70.52,Yes
1169,220377948,6/3/2024,36.06259707,-94.16058395,22,USW00093993,FAYETTEVILLE,36.01027,-94.16824,58,77,64.04,250,178,0.181102362,0.283464567,70.52,Yes
1170,220512180,6/4/2024,36.26176674,-94.22761302,41,USW00093993,FAYETTEVILLE,36.01027,-94.16824,0,86,64.94,300,183,0.228346457,0.511811024,75.47,Yes
1171,220574202,6/4/2024,36.0246055,-94.20770333,41,USW00093993,FAYETTEVILLE,36.01027,-94.16824,0,86,64.94,300,183,0.228346457,0.511811024,75.47,Yes
1172,220578694,6/4/2024,36.3596374,-93.8726487,41,USW00093993,FAYETTEVILLE,36.01027,-94.16824,0,86,64.94,300,183,0.228346457,0.511811024,75.47,Yes
1617,220532063,6/4/2024,36.49274941,-94.27252172,41,USW00093993,FAYETTEVILLE,36.01027,-94.16824,0,86,64.94,300,183,0.228346457,0.511811024,75.47,Yes
1173,221151567,6/7/2024,36.13498899,-94.48255196,41,USW00093993,FAYETTEVILLE,36.01027,-94.16824,0,89.06,62.96,317,172,0.688976378,1.098425197,76.01,Yes
1174,221157885,6/7/2024,36.36238652,-94.24411314,22,USW00093993,FAYETTEVILLE,36.01027,-94.16824,0,89.06,62.96,317,172,0.688976378,1.098425197,76.01,Yes
1178,222533847,6/7/2024,36.08307206,-94.15894443,41,USW00093993,FAYETTEVILLE,36.01027,-94.16824,0,89.06,62.96,317,172,0.688976378,1.098425197,76.01,Yes
1179,222537742,6/7/2024,36.0838339,-94.16066513,41,USW00093993,FAYETTEVILLE,36.01027,-94.16824,0,89.06,62.96,317,172,0.688976378,1.098425197,76.01,Yes
1175,221573422,6/8/2024,36.24325187,-94.03788663,41,USW00093993,FAYETTEVILLE,36.01027,-94.16824,20,91.04,73.04,328,228,0.688976378,0.917322835,82.04,Yes
1176,221705130,6/9/2024,36.13201533,-94.13737781,41,USW00093993,FAYETTEVILLE,36.01027,-94.16824,0,82.04,64.94,278,183,0.078740157,0.996062992,73.49,Yes
1177,222531171,6/9/2024,36.08390395,-94.15897379,41,USW00093993,FAYETTEVILLE,36.01027,-94.16824,0,82.04,64.94,278,183,0.078740157,0.996062992,73.49,Yes
1618,221913740,6/10/2024,36.47572108,-94.213112,21,USW00093993,FAYETTEVILLE,36.01027,-94.16824,0,84.92,55.94,294,133,0.078740157,0.996062992,70.43,Yes
1619,222334423,6/11/2024,36.43968833,-94.22513667,41,USW00093993,FAYETTEVILLE,36.01027,-94.16824,0,84.92,55.04,294,128,0.078740157,0.767716535,69.98,Yes
1180,223762384,6/19/2024,36.14270895,-94.12441579,41,USW00093993,FAYETTEVILLE,36.01027,-94.16824,0,91.94,68,333,200,0,0,79.97,No
1181,230907649,7/19/2024,36.29474167,-93.95992167,41,USW00093993,FAYETTEVILLE,36.01027,-94.16824,0,84.92,57.02,294,139,0.460629921,0.480314961,70.97,Yes
869,231091856,7/21/2024,35.77937033,-94.25128206,21,USW00093993,FAYETTEVILLE,36.01027,-94.16824,605,78.98,66.02,261,189,0,0.460629921,72.5,Yes
1620,230793652,7/21/2024,36.42496072,-94.23555002,41,USW00093993,FAYETTEVILLE,36.01027,-94.16824,605,78.98,66.02,261,189,0,0.460629921,72.5,Yes
1182,231295129,7/23/2024,36.22988892,-94.14927673,81,USW00093993,FAYETTEVILLE,36.01027,-94.16824,15,87.98,66.02,311,189,2.381889764,2.842519685,77,Yes
1183,231501549,7/24/2024,36.06977783,-94.1534805,22,USW00093993,FAYETTEVILLE,36.01027,-94.16824,0,91.04,66.02,328,189,2.440944882,2.901574803,78.53,Yes
1621,232148649,7/27/2024,36.40574909,-94.29117314,41,USW00093993,FAYETTEVILLE,36.01027,-94.16824,0,87.98,64.94,311,183,0,2.440944882,76.46,Yes
936,238069147,7/28/2024,35.77744661,-93.78555988,41,USW00093993,FAYETTEVILLE,36.01027,-94.16824,0,87.98,71.96,311,222,0,2.440944882,79.97,Yes
1184,255353176,12/16/2024,36.25856787,-94.27209589,81,USW00093993,FAYETTEVILLE,36.01027,-94.16824,79,66.92,35.06,194,17,0.791338583,0.822834646,50.99,Yes
1185,281747153,5/15/2025,36.13261667,-94.13661389,11,USW00093993,FAYETTEVILLE,36.01027,-94.16824,0,84.02,62.06,289,167,0,0,73.04,No
1186,282936021,5/20/2025,36.13650678,-94.12962757,11,USW00093993,FAYETTEVILLE,36.01027,-94.16824,15,73.94,53.96,233,122,3.043307087,3.062992126,63.95,Yes
1622,284083046,5/24/2025,36.418245,-94.2379,41,USW00093993,FAYETTEVILLE,36.01027,-94.16824,104,82.04,62.96,278,172,0.059055118,3.161417323,72.5,Yes
1623,284084348,5/24/2025,36.427125,-94.24471333,41,USW00093993,FAYETTEVILLE,36.01027,-94.16824,104,82.04,62.96,278,172,0.059055118,3.161417323,72.5,Yes
1624,284084548,5/24/2025,36.42722,-94.24488,41,USW00093993,FAYETTEVILLE,36.01027,-94.16824,104,82.04,62.96,278,172,0.059055118,3.161417323,72.5,Yes
871,285659284,5/26/2025,35.7819774,-94.2526856,41,USW00093993,FAYETTEVILLE,36.01027,-94.16824,211,66.02,60.08,189,156,3.007874016,4.417322835,63.05,Yes
872,285659886,5/26/2025,35.7819774,-94.2526856,41,USW00093993,FAYETTEVILLE,36.01027,-94.16824,211,66.02,60.08,189,156,3.007874016,4.417322835,63.05,Yes
1625,285185395,5/26/2025,36.37848333,-94.20662833,41,USW00093993,FAYETTEVILLE,36.01027,-94.16824,211,66.02,60.08,189,156,3.007874016,4.417322835,63.05,Yes
1626,285188701,5/29/2025,36.46935864,-94.18638718,41,USW00093993,FAYETTEVILLE,36.01027,-94.16824,0,75.92,57.92,244,144,0.940944882,4.007874016,66.92,Yes
1187,285452191,5/30/2025,36.11124467,-94.53370873,22,USW00093993,FAYETTEVILLE,36.01027,-94.16824,0,78.08,53.06,256,117,0.11023622,3.948818898,65.57,Yes
1188,285597624,5/30/2025,36.33712833,-94.09262783,41,USW00093993,FAYETTEVILLE,36.01027,-94.16824,0,78.08,53.06,256,117,0.11023622,3.948818898,65.57,Yes
873,285777697,5/31/2025,35.78059137,-94.24698555,41,USW00093993,FAYETTEVILLE,36.01027,-94.16824,0,82.04,50,278,100,0,3.948818898,66.02,Yes
1189,285851926,5/31/2025,36.31213,-93.92298,41,USW00093993,FAYETTEVILLE,36.01027,-94.16824,0,82.04,50,278,100,0,3.948818898,66.02,Yes
1190,286093827,6/1/2025,36.29841667,-93.93309667,43,USW00093993,FAYETTEVILLE,36.01027,-94.16824,38,84.92,60.98,294,161,0,3.539370079,72.95,Yes
1191,286097594,6/1/2025,36.29306333,-93.93814167,41,USW00093993,FAYETTEVILLE,36.01027,-94.16824,38,84.92,60.98,294,161,0,3.539370079,72.95,Yes
1192,286141451,6/1/2025,36.09750366,-94.20246887,81,USW00093993,FAYETTEVILLE,36.01027,-94.16824,38,84.92,60.98,294,161,0,3.539370079,72.95,Yes
1627,286097845,6/1/2025,36.38371895,-94.23493604,41,USW00093993,FAYETTEVILLE,36.01027,-94.16824,38,84.92,60.98,294,161,0,3.539370079,72.95,Yes
1193,287111497,6/5/2025,36.02221975,-94.20749537,41,USW00093993,FAYETTEVILLE,36.01027,-94.16824,0,84.92,69.08,294,206,0.62992126,0.779527559,77,Yes
1628,287186763,6/5/2025,36.39688667,-94.23597,41,USW00093993,FAYETTEVILLE,36.01027,-94.16824,0,84.92,69.08,294,206,0.62992126,0.779527559,77,Yes
1194,287483807,6/6/2025,36.13650678,-94.12962757,11,USW00093993,FAYETTEVILLE,36.01027,-94.16824,231,82.94,66.92,283,194,0.62992126,0.779527559,74.93,Yes
1629,287495442,6/6/2025,36.42732087,-94.24575079,41,USW00093993,FAYETTEVILLE,36.01027,-94.16824,231,82.94,66.92,283,194,0.62992126,0.779527559,74.93,Yes
874,289665843,6/7/2025,35.77849167,-94.25630333,41,USW00093993,FAYETTEVILLE,36.01027,-94.16824,475,82.04,66.02,278,189,0.968503937,1.688976378,74.03,Yes
1195,287721293,6/7/2025,36.335195,-94.0934055,41,USW00093993,FAYETTEVILLE,36.01027,-94.16824,475,82.04,66.02,278,189,0.968503937,1.688976378,74.03,Yes
1196,287722124,6/7/2025,36.33506667,-94.09291117,41,USW00093993,FAYETTEVILLE,36.01027,-94.16824,475,82.04,66.02,278,189,0.968503937,1.688976378,74.03,Yes
1197,288039489,6/8/2025,36.281145,-93.96125,43,USW00093993,FAYETTEVILLE,36.01027,-94.16824,5,91.04,62.06,328,167,2.779527559,3.559055118,76.55,Yes
1198,288041269,6/8/2025,36.28315333,-93.95732167,43,USW00093993,FAYETTEVILLE,36.01027,-94.16824,5,91.04,62.06,328,167,2.779527559,3.559055118,76.55,Yes
1199,288048934,6/8/2025,36.27882833,-93.96639167,41,USW00093993,FAYETTEVILLE,36.01027,-94.16824,5,91.04,62.06,328,167,2.779527559,3.559055118,76.55,Yes
1630,287982361,6/8/2025,36.44442059,-94.26199442,41,USW00093993,FAYETTEVILLE,36.01027,-94.16824,5,91.04,62.06,328,167,2.779527559,3.559055118,76.55,Yes
1631,288002453,6/8/2025,36.45694424,-94.30481169,41,USW00093993,FAYETTEVILLE,36.01027,-94.16824,5,91.04,62.06,328,167,2.779527559,3.559055118,76.55,Yes
1200,288265065,6/9/2025,36.25394667,-94.10323333,24,USW00093993,FAYETTEVILLE,36.01027,-94.16824,0,84.92,60.08,294,156,2.799212598,3.429133858,72.5,Yes
1209,292722337,6/12/2025,36.08490365,-94.1581485,41,USW00093993,FAYETTEVILLE,36.01027,-94.16824,102,77,66.02,250,189,0,2.799212598,71.51,Yes
1632,289079045,6/12/2025,36.436,-94.22611167,41,USW00093993,FAYETTEVILLE,36.01027,-94.16824,102,77,66.02,250,189,0,2.799212598,71.51,Yes
1641,329600074,6/12/2025,36.46841167,-94.25904667,41,USW00093993,FAYETTEVILLE,36.01027,-94.16824,102,77,66.02,250,189,0,2.799212598,71.51,Yes
1201,289718660,6/14/2025,36.31190833,-93.92263833,41,USW00093993,FAYETTEVILLE,36.01027,-94.16824,81,80.06,66.92,267,194,1.192913386,3.082677165,73.49,Yes
1633,289701817,6/14/2025,36.4397,-94.225145,41,USW00093993,FAYETTEVILLE,36.01027,-94.16824,81,80.06,66.92,267,194,1.192913386,3.082677165,73.49,Yes
1202,290745317,6/16/2025,36.36427506,-94.3827881,41,USW00093993,FAYETTEVILLE,36.01027,-94.16824,0,87.08,69.08,306,206,1.75984252,2.161417323,78.08,Yes
1634,290467585,6/17/2025,36.46489667,-94.21698833,41,USW00093993,FAYETTEVILLE,36.01027,-94.16824,224,84.92,64.94,294,183,0.968503937,2.161417323,74.93,Yes
1203,290936468,6/18/2025,36.29096167,-93.93065,41,USW00093993,FAYETTEVILLE,36.01027,-94.16824,132,84.02,66.02,289,189,1.531496063,3.043307087,75.02,Yes
1204,291005465,6/19/2025,36.29656167,-93.931205,43,USW00093993,FAYETTEVILLE,36.01027,-94.16824,0,91.94,66.02,333,189,1.401574803,3.562992126,78.98,Yes
1205,291015010,6/19/2025,36.29889667,-93.93871333,41,USW00093993,FAYETTEVILLE,36.01027,-94.16824,0,91.94,66.02,333,189,1.401574803,3.562992126,78.98,Yes
1206,291015303,6/19/2025,36.29162167,-93.93888,41,USW00093993,FAYETTEVILLE,36.01027,-94.16824,0,91.94,66.02,333,189,1.401574803,3.562992126,78.98,Yes
1223,298838785,6/19/2025,36.1081081,-94.3156151,81,USW00093993,FAYETTEVILLE,36.01027,-94.16824,0,91.94,66.02,333,189,1.401574803,3.562992126,78.98,Yes
875,291948918,6/21/2025,35.69595062,-94.11883134,23,USW00093993,FAYETTEVILLE,36.01027,-94.16824,0,91.04,77,328,250,0.519685039,2.37007874,84.02,Yes
876,291948990,6/21/2025,35.69595062,-94.11883134,23,USW00093993,FAYETTEVILLE,36.01027,-94.16824,0,91.04,77,328,250,0.519685039,2.37007874,84.02,Yes
877,293017692,6/21/2025,35.69595062,-94.11883134,23,USW00093993,FAYETTEVILLE,36.01027,-94.16824,0,91.04,77,328,250,0.519685039,2.37007874,84.02,Yes
1207,291692370,6/21/2025,36.13361689,-94.13208843,41,USW00093993,FAYETTEVILLE,36.01027,-94.16824,0,91.04,77,328,250,0.519685039,2.37007874,84.02,Yes
1208,292604419,6/24/2025,36.24619704,-94.02203783,41,USW00093993,FAYETTEVILLE,36.01027,-94.16824,0,91.94,71.06,333,217,0,1.401574803,81.5,Yes
1382,292781880,6/25/2025,36.25782833,-93.7016,42,USW00093993,FAYETTEVILLE,36.01027,-94.16824,0,91.04,69.98,328,211,0,0.519685039,80.51,Yes
1222,298776710,6/26/2025,36.08370282,-94.15920066,41,USW00093993,FAYETTEVILLE,36.01027,-94.16824,0,89.06,69.08,317,206,0,0,79.07,No
1210,293291635,6/27/2025,36.336655,-94.0919805,41,USW00093993,FAYETTEVILLE,36.01027,-94.16824,0,89.96,71.96,322,222,0,0,80.96,No
878,293553654,6/28/2025,35.70757,-94.10405833,41,USW00093993,FAYETTEVILLE,36.01027,-94.16824,0,87.98,73.04,311,228,0,0,80.51,No
1211,294202859,6/28/2025,36.27780333,-93.95798667,43,USW00093993,FAYETTEVILLE,36.01027,-94.16824,0,87.98,73.04,311,228,0,0,80.51,No
1212,294437545,6/28/2025,36.274625,-93.95586333,41,USW00093993,FAYETTEVILLE,36.01027,-94.16824,0,87.98,73.04,311,228,0,0,80.51,No
1213,295278196,7/4/2025,36.30106333,-93.936195,41,USW00093993,FAYETTEVILLE,36.01027,-94.16824,3,89.96,66.92,322,194,0,0.118110236,78.44,Yes
1214,296772416,7/10/2025,35.98430833,-93.85921833,41,USW00093993,FAYETTEVILLE,36.01027,-94.16824,0,91.04,68,328,200,2.031496063,2.043307087,79.52,Yes
1236,351145625,7/11/2025,35.9990151,-94.4268032,41,USW00093993,FAYETTEVILLE,36.01027,-94.16824,0,91.04,73.04,328,228,1.850393701,2.043307087,82.04,Yes
1215,297402135,7/12/2025,36.31851351,-93.96240466,43,USW00093993,FAYETTEVILLE,36.01027,-94.16824,206,87.08,69.98,306,211,0,2.031496063,78.53,Yes
879,297754040,7/13/2025,35.79037664,-94.2456838,52,USW00093993,FAYETTEVILLE,36.01027,-94.16824,3,84.02,69.98,289,211,0.811023622,2.842519685,77,Yes
880,297754842,7/13/2025,35.79758216,-94.2430327,43,USW00093993,FAYETTEVILLE,36.01027,-94.16824,3,84.02,69.98,289,211,0.811023622,2.842519685,77,Yes
881,297755062,7/13/2025,35.792194,-94.24642381,41,USW00093993,FAYETTEVILLE,36.01027,-94.16824,3,84.02,69.98,289,211,0.811023622,2.842519685,77,Yes
1216,298050743,7/14/2025,36.29864214,-93.98653966,42,USW00093993,FAYETTEVILLE,36.01027,-94.16824,18,84.92,69.98,294,211,0.822834646,2.854330709,77.45,Yes
1217,298050846,7/14/2025,36.29454073,-93.98014491,41,USW00093993,FAYETTEVILLE,36.01027,-94.16824,18,84.92,69.98,294,211,0.822834646,2.854330709,77.45,Yes
1218,298050914,7/14/2025,36.29201836,-93.97707335,41,USW00093993,FAYETTEVILLE,36.01027,-94.16824,18,84.92,69.98,294,211,0.822834646,2.854330709,77.45,Yes
1219,298052475,7/14/2025,36.29819782,-93.98656772,42,USW00093993,FAYETTEVILLE,36.01027,-94.16824,18,84.92,69.98,294,211,0.822834646,2.854330709,77.45,Yes
1220,298052709,7/14/2025,36.29797351,-93.98692101,42,USW00093993,FAYETTEVILLE,36.01027,-94.16824,18,84.92,69.98,294,211,0.822834646,2.854330709,77.45,Yes
1221,298421845,7/15/2025,36.03545283,-93.89793333,21,USW00093993,FAYETTEVILLE,36.01027,-94.16824,38,87.98,71.06,311,217,0.893700787,2.744094488,79.52,Yes
882,298948274,7/17/2025,35.76358333,-94.25441167,41,USW00093993,FAYETTEVILLE,36.01027,-94.16824,0,89.06,71.96,317,222,0.220472441,1.043307087,80.51,Yes
883,299488418,7/19/2025,35.78837491,-94.243482,41,USW00093993,FAYETTEVILLE,36.01027,-94.16824,0,93.92,69.08,344,206,0.031496063,1.07480315,81.5,Yes
884,299488905,7/19/2025,35.80711021,-94.24541812,41,USW00093993,FAYETTEVILLE,36.01027,-94.16824,0,93.92,69.08,344,206,0.031496063,1.07480315,81.5,Yes
885,299489262,7/19/2025,35.80188159,-94.24496417,41,USW00093993,FAYETTEVILLE,36.01027,-94.16824,0,93.92,69.08,344,206,0.031496063,1.07480315,81.5,Yes
886,299489346,7/19/2025,35.80448348,-94.24570992,41,USW00093993,FAYETTEVILLE,36.01027,-94.16824,0,93.92,69.08,344,206,0.031496063,1.07480315,81.5,Yes
1224,299159191,7/19/2025,36.30151367,-93.94068146,41,USW00093993,FAYETTEVILLE,36.01027,-94.16824,0,93.92,69.08,344,206,0.031496063,1.07480315,81.5,Yes
1225,299164293,7/19/2025,36.2983551,-93.93315887,43,USW00093993,FAYETTEVILLE,36.01027,-94.16824,0,93.92,69.08,344,206,0.031496063,1.07480315,81.5,Yes
1226,299350076,7/19/2025,36.27481333,-93.95618333,41,USW00093993,FAYETTEVILLE,36.01027,-94.16824,0,93.92,69.08,344,206,0.031496063,1.07480315,81.5,Yes
1227,299357668,7/19/2025,36.28236333,-93.95472,43,USW00093993,FAYETTEVILLE,36.01027,-94.16824,0,93.92,69.08,344,206,0.031496063,1.07480315,81.5,Yes
1635,299976085,7/21/2025,36.46049167,-94.20196667,41,USW00093993,FAYETTEVILLE,36.01027,-94.16824,0,93.02,73.04,339,228,0.031496063,0.251968504,83.03,Yes
1636,299979712,7/21/2025,36.46165833,-94.21952833,41,USW00093993,FAYETTEVILLE,36.01027,-94.16824,0,93.02,73.04,339,228,0.031496063,0.251968504,83.03,Yes
1228,300976665,7/25/2025,36.26160697,-94.2295868,41,USW00093993,FAYETTEVILLE,36.01027,-94.16824,0,95,69.08,350,206,0,0.031496063,82.04,Yes
1637,302788382,7/31/2025,36.444492,-94.246618,41,USW00093993,FAYETTEVILLE,36.01027,-94.16824,13,87.08,73.94,306,233,0,0,80.51,No
1638,302788383,7/31/2025,36.444492,-94.246618,41,USW00093993,FAYETTEVILLE,36.01027,-94.16824,13,87.08,73.94,306,233,0,0,80.51,No
1229,303209924,8/1/2025,36.34071667,-94.09706117,22,USW00093993,FAYETTEVILLE,36.01027,-94.16824,211,77,68,250,200,0.051181102,0.051181102,72.5,Yes
1639,303206563,8/2/2025,36.481155,-94.21183,41,USW00093993,FAYETTEVILLE,36.01027,-94.16824,0,84.92,64.04,294,178,0.881889764,0.881889764,74.48,Yes
1640,303804461,8/2/2025,36.481155,-94.21183,41,USW00093993,FAYETTEVILLE,36.01027,-94.16824,0,84.92,64.04,294,178,0.881889764,0.881889764,74.48,Yes
1230,312089420,9/6/2025,36.148,-94.37832,41,USW00093993,FAYETTEVILLE,36.01027,-94.16824,0,78.08,53.96,256,122,0.039370079,0.937007874,66.02,Yes
1231,315976442,9/22/2025,36.13650678,-94.12962757,11,USW00093993,FAYETTEVILLE,36.01027,-94.16824,56,84.02,64.94,289,183,2.838582677,3.929133858,74.48,Yes
1232,316171132,9/23/2025,35.98565167,-93.86229667,41,USW00093993,FAYETTEVILLE,36.01027,-94.16824,742,78.08,68,256,200,3.059055118,4.149606299,73.04,Yes
1233,316912380,9/25/2025,36.13650678,-94.12962757,11,USW00093993,FAYETTEVILLE,36.01027,-94.16824,0,78.98,59,261,150,3.220472441,7.118110236,68.99,Yes
1234,316912875,9/25/2025,36.13650678,-94.12962757,11,USW00093993,FAYETTEVILLE,36.01027,-94.16824,0,78.98,59,261,150,3.220472441,7.118110236,68.99,Yes
1386,317846703,9/30/2025,35.981225,-93.85026667,41,USW00093993,FAYETTEVILLE,36.01027,-94.16824,0,84.02,55.04,289,128,0,3,69.53,Yes
1235,318503886,10/3/2025,36.09035412,-94.29450911,21,USW00093993,FAYETTEVILLE,36.01027,-94.16824,0,86,59,300,150,0,0,72.5,No
1387,325433103,11/1/2025,36.25333333,-93.705525,41,USW00093993,FAYETTEVILLE,36.01027,-94.16824,0,60.08,35.06,156,17,0.149606299,1.039370079,47.57,Yes
1237,357011052,4/30/2026,36.06769546,-94.1373224,41,USW00093993,FAYETTEVILLE,36.01027,-94.16824,0,66.02,44.96,189,72,0.011811024,1.598425197,55.49,Yes
1238,357033518,4/30/2026,36.06801667,-94.1360945,41,USW00093993,FAYETTEVILLE,36.01027,-94.16824,0,66.02,44.96,189,72,0.011811024,1.598425197,55.49,Yes
1642,359337923,5/7/2026,36.4507577,-94.1917872,21,USW00093993,FAYETTEVILLE,36.01027,-94.16824,0,69.98,37.94,211,33,0.188976378,0.188976378,53.96,Yes
1239,363796559,5/21/2026,35.98627,-93.86173333,41,USW00093993,FAYETTEVILLE,36.01027,-94.16824,5,80.06,62.96,267,172,1.448818898,1.448818898,71.51,Yes
1391,364460499,5/23/2026,36.26102,-93.70071833,41,USW00093993,FAYETTEVILLE,36.01027,-94.16824,8,73.94,57.92,233,144,0.877952756,1.586614173,65.93,Yes
1645,366169700,5/23/2026,36.4718824,-94.2609679,21,USW00093993,FAYETTEVILLE,36.01027,-94.16824,8,73.94,57.92,233,144,0.877952756,1.586614173,65.93,Yes
1646,366169701,5/23/2026,36.4718824,-94.2609679,21,USW00093993,FAYETTEVILLE,36.01027,-94.16824,8,73.94,57.92,233,144,0.877952756,1.586614173,65.93,Yes
1240,364704116,5/24/2026,36.318205,-93.96448667,41,USW00093993,FAYETTEVILLE,36.01027,-94.16824,0,82.04,59,278,150,0.169291339,1.618110236,70.52,Yes
1241,365083125,5/24/2026,36.06210461,-94.14908733,41,USW00093993,FAYETTEVILLE,36.01027,-94.16824,0,82.04,59,278,150,0.169291339,1.618110236,70.52,Yes
1647,366191652,5/24/2026,36.4409783,-94.05115476,41,USW00093993,FAYETTEVILLE,36.01027,-94.16824,0,82.04,59,278,150,0.169291339,1.618110236,70.52,Yes
1652,367952434,5/24/2026,36.4718824,-94.2609679,21,USW00093993,FAYETTEVILLE,36.01027,-94.16824,0,82.04,59,278,150,0.169291339,1.618110236,70.52,Yes
1393,365105912,5/25/2026,36.25503667,-93.69874333,41,USW00093993,FAYETTEVILLE,36.01027,-94.16824,0,84.02,55.94,289,133,0.149606299,1.618110236,69.98,Yes
1644,365600049,5/25/2026,36.47433833,-94.24300333,21,USW00093993,FAYETTEVILLE,36.01027,-94.16824,0,84.02,55.94,289,133,0.149606299,1.618110236,69.98,Yes
1648,366384334,5/25/2026,36.4718824,-94.2609679,21,USW00093993,FAYETTEVILLE,36.01027,-94.16824,0,84.02,55.94,289,133,0.149606299,1.618110236,69.98,Yes
1649,366384371,5/25/2026,36.4718824,-94.2609679,21,USW00093993,FAYETTEVILLE,36.01027,-94.16824,0,84.02,55.94,289,133,0.149606299,1.618110236,69.98,Yes
1248,369991488,5/26/2026,36.042392,-94.15764766,41,USW00093993,FAYETTEVILLE,36.01027,-94.16824,66,78.98,57.92,261,144,0.031496063,1.618110236,68.45,Yes
1643,365455339,5/26/2026,36.4722219,-94.2425336,22,USW00093993,FAYETTEVILLE,36.01027,-94.16824,66,78.98,57.92,261,144,0.031496063,1.618110236,68.45,Yes
1692,365864164,5/26/2026,36.41081167,-93.75866667,21,USW00093993,FAYETTEVILLE,36.01027,-94.16824,66,78.98,57.92,261,144,0.031496063,1.618110236,68.45,Yes
1242,366133060,5/28/2026,36.14357167,-94.121135,41,USW00093993,FAYETTEVILLE,36.01027,-94.16824,20,78.08,68,256,200,0.700787402,0.87007874,73.04,Yes
1244,367461156,5/29/2026,36.09604722,-94.23495556,41,USW00093993,FAYETTEVILLE,36.01027,-94.16824,0,87.08,66.92,306,194,0.779527559,0.929133858,77,Yes
1243,366817860,5/30/2026,35.99546333,-94.13645283,41,USW00093993,FAYETTEVILLE,36.01027,-94.16824,0,89.96,66.92,322,194,0.519685039,0.811023622,78.44,Yes
1650,367101387,5/31/2026,36.38270333,-94.23680833,41,USW00093993,FAYETTEVILLE,36.01027,-94.16824,0,89.96,69.08,322,206,0.078740157,0.779527559,79.52,Yes
1654,368247874,5/31/2026,36.38689667,-94.23597833,41,USW00093993,FAYETTEVILLE,36.01027,-94.16824,0,89.96,69.08,322,206,0.078740157,0.779527559,79.52,Yes
1651,367849449,6/2/2026,36.37987137,-94.092453,41,USW00093993,FAYETTEVILLE,36.01027,-94.16824,0,87.08,69.98,306,211,0,0.779527559,78.53,Yes
897,368139359,6/3/2026,35.78691101,-94.24939728,41,USW00093993,FAYETTEVILLE,36.01027,-94.16824,0,84.02,64.04,289,178,0,0.519685039,74.03,Yes
1245,368159735,6/3/2026,36.15608333,-94.11907217,81,USW00093993,FAYETTEVILLE,36.01027,-94.16824,0,84.02,64.04,289,178,0,0.519685039,74.03,Yes
1653,368184342,6/3/2026,36.46595884,-94.2879463,41,USW00093993,FAYETTEVILLE,36.01027,-94.16824,0,84.02,64.04,289,178,0,0.519685039,74.03,Yes
940,368721312,6/5/2026,35.61479766,-93.80722544,42,USW00093993,FAYETTEVILLE,36.01027,-94.16824,0,80.06,69.08,267,206,0.011811024,0.011811024,74.57,Yes
1655,369085874,6/6/2026,36.38964081,-94.23960114,41,USW00093993,FAYETTEVILLE,36.01027,-94.16824,218,78.08,69.08,256,206,0.011811024,0.011811024,73.58,Yes
899,369565164,6/7/2026,35.71433339,-94.11442416,21,USW00093993,FAYETTEVILLE,36.01027,-94.16824,224,82.94,68,283,200,0.87007874,0.87007874,75.47,Yes
1265,372634963,6/7/2026,36.00070556,-94.41774667,41,USW00093993,FAYETTEVILLE,36.01027,-94.16824,224,82.94,68,283,200,0.87007874,0.87007874,75.47,Yes
1246,369891418,6/8/2026,36.07960833,-94.18135833,22,USW00093993,FAYETTEVILLE,36.01027,-94.16824,668,87.08,66.92,306,194,1.74015748,1.751968504,77,Yes
1247,369897820,6/8/2026,36.33117,-94.10501117,41,USW00093993,FAYETTEVILLE,36.01027,-94.16824,668,87.08,66.92,306,194,1.74015748,1.751968504,77,Yes
1395,369819449,6/8/2026,36.13757783,-93.744355,21,USW00093993,FAYETTEVILLE,36.01027,-94.16824,668,87.08,66.92,306,194,1.74015748,1.751968504,77,Yes
1656,369826827,6/8/2026,36.45382967,-94.20047208,22,USW00093993,FAYETTEVILLE,36.01027,-94.16824,668,87.08,66.92,306,194,1.74015748,1.751968504,77,Yes
1249,370086655,6/9/2026,36.1440705,-94.12518795,41,USW00093993,FAYETTEVILLE,36.01027,-94.16824,0,89.96,71.06,322,217,4.37007874,4.381889764,80.51,Yes
1657,370147340,6/9/2026,36.440575,-94.22923333,41,USW00093993,FAYETTEVILLE,36.01027,-94.16824,0,89.96,71.06,322,217,4.37007874,4.381889764,80.51,Yes
1658,370675016,6/11/2026,36.46957833,-94.258955,41,USW00093993,FAYETTEVILLE,36.01027,-94.16824,13,87.98,71.06,311,217,2.62992126,4.381889764,79.52,Yes
1250,370961356,6/12/2026,36.05209717,-94.15860833,41,USW00093993,FAYETTEVILLE,36.01027,-94.16824,0,87.98,68,311,200,0.051181102,4.421259843,77.99,Yes
1659,370892960,6/12/2026,36.44293344,-94.22534628,41,USW00093993,FAYETTEVILLE,36.01027,-94.16824,0,87.98,68,311,200,0.051181102,4.421259843,77.99,Yes
1660,370941300,6/12/2026,36.46842,-94.259055,41,USW00093993,FAYETTEVILLE,36.01027,-94.16824,0,87.98,68,311,200,0.051181102,4.421259843,77.99,Yes
906,371797086,6/14/2026,35.63296167,-94.03237783,43,USW00093993,FAYETTEVILLE,36.01027,-94.16824,378,78.98,64.94,261,183,0.232283465,3.744094488,71.96,Yes
907,371797303,6/14/2026,35.63667167,-94.03563617,42,USW00093993,FAYETTEVILLE,36.01027,-94.16824,378,78.98,64.94,261,183,0.232283465,3.744094488,71.96,Yes
908,371797462,6/14/2026,35.634395,-94.02945833,41,USW00093993,FAYETTEVILLE,36.01027,-94.16824,378,78.98,64.94,261,183,0.232283465,3.744094488,71.96,Yes
942,372153735,6/14/2026,35.577825,-93.52140833,21,USW00093993,FAYETTEVILLE,36.01027,-94.16824,378,78.98,64.94,261,183,0.232283465,3.744094488,71.96,Yes
1251,371709086,6/14/2026,36.33097,-94.10359167,41,USW00093993,FAYETTEVILLE,36.01027,-94.16824,378,78.98,64.94,261,183,0.232283465,3.744094488,71.96,Yes
1252,371713676,6/14/2026,36.33041333,-94.10562783,41,USW00093993,FAYETTEVILLE,36.01027,-94.16824,378,78.98,64.94,261,183,0.232283465,3.744094488,71.96,Yes
1253,371714331,6/14/2026,36.33017,-94.10585,41,USW00093993,FAYETTEVILLE,36.01027,-94.16824,378,78.98,64.94,261,183,0.232283465,3.744094488,71.96,Yes
1254,371714719,6/14/2026,36.33001667,-94.10613333,41,USW00093993,FAYETTEVILLE,36.01027,-94.16824,378,78.98,64.94,261,183,0.232283465,3.744094488,71.96,Yes
1255,371714766,6/14/2026,36.33009667,-94.1061555,41,USW00093993,FAYETTEVILLE,36.01027,-94.16824,378,78.98,64.94,261,183,0.232283465,3.744094488,71.96,Yes
1256,371719327,6/14/2026,36.33117,-94.105025,41,USW00093993,FAYETTEVILLE,36.01027,-94.16824,378,78.98,64.94,261,183,0.232283465,3.744094488,71.96,Yes
1257,371720849,6/14/2026,36.33125,-94.10495,41,USW00093993,FAYETTEVILLE,36.01027,-94.16824,378,78.98,64.94,261,183,0.232283465,3.744094488,71.96,Yes
1258,371731458,6/14/2026,36.0217684,-93.9245798,81,USW00093993,FAYETTEVILLE,36.01027,-94.16824,378,78.98,64.94,261,183,0.232283465,3.744094488,71.96,Yes
1259,371750522,6/14/2026,36.11821667,-94.20092,81,USW00093993,FAYETTEVILLE,36.01027,-94.16824,378,78.98,64.94,261,183,0.232283465,3.744094488,71.96,Yes
1398,371637679,6/14/2026,35.87415557,-93.62136796,41,USW00093993,FAYETTEVILLE,36.01027,-94.16824,378,78.98,64.94,261,183,0.232283465,3.744094488,71.96,Yes
1661,371669576,6/14/2026,36.45895478,-94.25420334,21,USW00093993,FAYETTEVILLE,36.01027,-94.16824,378,78.98,64.94,261,183,0.232283465,3.744094488,71.96,Yes
1682,376613590,6/14/2026,36.46796408,-94.22336675,21,USW00093993,FAYETTEVILLE,36.01027,-94.16824,378,78.98,64.94,261,183,0.232283465,3.744094488,71.96,Yes
1683,376616660,6/14/2026,36.46796408,-94.22336675,21,USW00093993,FAYETTEVILLE,36.01027,-94.16824,378,78.98,64.94,261,183,0.232283465,3.744094488,71.96,Yes
1684,376620721,6/14/2026,36.46796408,-94.22336675,21,USW00093993,FAYETTEVILLE,36.01027,-94.16824,378,78.98,64.94,261,183,0.232283465,3.744094488,71.96,Yes
909,372113131,6/15/2026,35.69349966,-94.12395502,41,USW00093993,FAYETTEVILLE,36.01027,-94.16824,0,82.04,62.06,278,167,1.669291339,4.350393701,72.05,Yes
910,372113296,6/15/2026,35.69341092,-94.1240973,41,USW00093993,FAYETTEVILLE,36.01027,-94.16824,0,82.04,62.06,278,167,1.669291339,4.350393701,72.05,Yes
1260,371969059,6/15/2026,36.0269198,-94.2040268,71,USW00093993,FAYETTEVILLE,36.01027,-94.16824,0,82.04,62.06,278,167,1.669291339,4.350393701,72.05,Yes
1261,371970494,6/15/2026,36.02308044,-94.20818185,41,USW00093993,FAYETTEVILLE,36.01027,-94.16824,0,82.04,62.06,278,167,1.669291339,4.350393701,72.05,Yes
1262,372032444,6/15/2026,36.073125,-94.16348333,21,USW00093993,FAYETTEVILLE,36.01027,-94.16824,0,82.04,62.06,278,167,1.669291339,4.350393701,72.05,Yes
1263,372051380,6/15/2026,36.09041994,-94.29455766,21,USW00093993,FAYETTEVILLE,36.01027,-94.16824,0,82.04,62.06,278,167,1.669291339,4.350393701,72.05,Yes
1264,372101564,6/15/2026,36.33885826,-94.45301279,81,USW00093993,FAYETTEVILLE,36.01027,-94.16824,0,82.04,62.06,278,167,1.669291339,4.350393701,72.05,Yes
1272,373412137,6/15/2026,36.09494722,-94.23471667,41,USW00093993,FAYETTEVILLE,36.01027,-94.16824,0,82.04,62.06,278,167,1.669291339,4.350393701,72.05,Yes
1401,372433649,6/16/2026,36.31357222,-93.75221111,41,USW00093993,FAYETTEVILLE,36.01027,-94.16824,0,86,59,300,150,1.669291339,1.720472441,72.5,Yes
1693,372463389,6/16/2026,36.40970069,-93.73956067,42,USW00093993,FAYETTEVILLE,36.01027,-94.16824,0,86,59,300,150,1.669291339,1.720472441,72.5,Yes
1266,372832933,6/17/2026,35.99825133,-94.13422798,11,USW00093993,FAYETTEVILLE,36.01027,-94.16824,0,89.96,69.08,322,206,1.488188976,1.720472441,79.52,Yes
1267,372900731,6/17/2026,36.07090283,-94.20172833,41,USW00093993,FAYETTEVILLE,36.01027,-94.16824,0,89.96,69.08,322,206,1.488188976,1.720472441,79.52,Yes
1268,373026746,6/17/2026,36.06479167,-94.13921383,41,USW00093993,FAYETTEVILLE,36.01027,-94.16824,0,89.96,69.08,322,206,1.488188976,1.720472441,79.52,Yes
1662,372659163,6/17/2026,36.46846008,-94.25893402,41,USW00093993,FAYETTEVILLE,36.01027,-94.16824,0,89.96,69.08,322,206,1.488188976,1.720472441,79.52,Yes
1694,372605508,6/17/2026,36.3967915,-93.8114493,41,USW00093993,FAYETTEVILLE,36.01027,-94.16824,0,89.96,69.08,322,206,1.488188976,1.720472441,79.52,Yes
1269,373116310,6/18/2026,36.11831383,-94.20103333,81,USW00093993,FAYETTEVILLE,36.01027,-94.16824,33,87.98,66.02,311,189,0,1.720472441,77,Yes
1270,373282071,6/18/2026,36.27086855,-94.12417893,41,USW00093993,FAYETTEVILLE,36.01027,-94.16824,33,87.98,66.02,311,189,0,1.720472441,77,Yes
1663,372942747,6/18/2026,36.40423833,-94.18588333,41,USW00093993,FAYETTEVILLE,36.01027,-94.16824,33,87.98,66.02,311,189,0,1.720472441,77,Yes
1271,373381131,6/19/2026,36.06816389,-94.302025,41,USW00093993,FAYETTEVILLE,36.01027,-94.16824,0,78.08,66.02,256,189,0.12992126,1.799212598,72.05,Yes
1310,377950648,6/19/2026,36.26074295,-93.97157639,41,USW00093993,FAYETTEVILLE,36.01027,-94.16824,0,78.08,66.02,256,189,0.12992126,1.799212598,72.05,Yes
1664,373267631,6/19/2026,36.39091963,-94.37123002,41,USW00093993,FAYETTEVILLE,36.01027,-94.16824,0,78.08,66.02,256,189,0.12992126,1.799212598,72.05,Yes
1665,373363046,6/19/2026,36.49186018,-94.34647589,41,USW00093993,FAYETTEVILLE,36.01027,-94.16824,0,78.08,66.02,256,189,0.12992126,1.799212598,72.05,Yes
1666,373444146,6/19/2026,36.441545,-94.22816333,22,USW00093993,FAYETTEVILLE,36.01027,-94.16824,0,78.08,66.02,256,189,0.12992126,1.799212598,72.05,Yes
1273,373566382,6/20/2026,36.30912327,-93.98021875,41,USW00093993,FAYETTEVILLE,36.01027,-94.16824,3,87.08,64.04,306,178,0.12992126,1.799212598,75.56,Yes
1274,373669632,6/20/2026,36.3090035,-93.98014869,41,USW00093993,FAYETTEVILLE,36.01027,-94.16824,3,87.08,64.04,306,178,0.12992126,1.799212598,75.56,Yes
1275,373672759,6/20/2026,36.30819447,-93.98009127,42,USW00093993,FAYETTEVILLE,36.01027,-94.16824,3,87.08,64.04,306,178,0.12992126,1.799212598,75.56,Yes
1276,373967647,6/21/2026,36.31005543,-93.97987237,21,USW00093993,FAYETTEVILLE,36.01027,-94.16824,5,87.98,69.08,311,206,0.141732283,1.62992126,78.53,Yes
1277,374355273,6/21/2026,36.06446383,-94.13775,41,USW00093993,FAYETTEVILLE,36.01027,-94.16824,5,87.98,69.08,311,206,0.141732283,1.62992126,78.53,Yes
1667,374175469,6/21/2026,36.47873667,-94.245125,11,USW00093993,FAYETTEVILLE,36.01027,-94.16824,5,87.98,69.08,311,206,0.141732283,1.62992126,78.53,Yes
1668,374175496,6/21/2026,36.477425,-94.24476667,42,USW00093993,FAYETTEVILLE,36.01027,-94.16824,5,87.98,69.08,311,206,0.141732283,1.62992126,78.53,Yes
1302,377165541,6/22/2026,36.26080459,-93.97168335,41,USW00093993,FAYETTEVILLE,36.01027,-94.16824,635,82.04,66.02,278,189,0.031496063,0.161417323,74.03,Yes
1669,374358233,6/22/2026,36.46852121,-94.25893868,41,USW00093993,FAYETTEVILLE,36.01027,-94.16824,635,82.04,66.02,278,189,0.031496063,0.161417323,74.03,Yes
1332,384586298,6/23/2026,36.28468611,-93.93727222,42,USW00093993,FAYETTEVILLE,36.01027,-94.16824,10,78.98,66.92,261,194,2.531496063,2.661417323,72.95,Yes
1403,375523299,6/23/2026,36.25618526,-93.7033581,42,USW00093993,FAYETTEVILLE,36.01027,-94.16824,10,78.98,66.92,261,194,2.531496063,2.661417323,72.95,Yes
1670,374643255,6/23/2026,36.49141388,-94.20163214,41,USW00093993,FAYETTEVILLE,36.01027,-94.16824,10,78.98,66.92,261,194,2.531496063,2.661417323,72.95,Yes
1671,374644203,6/23/2026,36.4904347,-94.2015986,21,USW00093993,FAYETTEVILLE,36.01027,-94.16824,10,78.98,66.92,261,194,2.531496063,2.661417323,72.95,Yes
1278,375050751,6/24/2026,36.07345283,-94.16323883,21,USW00093993,FAYETTEVILLE,36.01027,-94.16824,277,78.08,64.94,256,183,2.559055118,2.700787402,71.51,Yes
1279,375053549,6/24/2026,36.07311667,-94.16375,21,USW00093993,FAYETTEVILLE,36.01027,-94.16824,277,78.08,64.94,256,183,2.559055118,2.700787402,71.51,Yes
1280,375081745,6/24/2026,35.99807593,-94.24917403,41,USW00093993,FAYETTEVILLE,36.01027,-94.16824,277,78.08,64.94,256,183,2.559055118,2.700787402,71.51,Yes
1672,375043883,6/24/2026,36.46452439,-94.29960351,41,USW00093993,FAYETTEVILLE,36.01027,-94.16824,277,78.08,64.94,256,183,2.559055118,2.700787402,71.51,Yes
915,375367232,6/25/2026,35.78275333,-94.24756667,41,USW00093993,FAYETTEVILLE,36.01027,-94.16824,20,87.08,69.08,306,206,3.62992126,3.791338583,78.08,Yes
916,375371131,6/25/2026,35.78841333,-94.25025333,41,USW00093993,FAYETTEVILLE,36.01027,-94.16824,20,87.08,69.08,306,206,3.62992126,3.791338583,78.08,Yes
1281,375261020,6/25/2026,35.998893,-94.1363,41,USW00093993,FAYETTEVILLE,36.01027,-94.16824,20,87.08,69.08,306,206,3.62992126,3.791338583,78.08,Yes
1282,375372636,6/25/2026,36.17068889,-94.01694722,81,USW00093993,FAYETTEVILLE,36.01027,-94.16824,20,87.08,69.08,306,206,3.62992126,3.791338583,78.08,Yes
1673,375333094,6/25/2026,36.43296333,-94.22843833,41,USW00093993,FAYETTEVILLE,36.01027,-94.16824,20,87.08,69.08,306,206,3.62992126,3.791338583,78.08,Yes
1283,375571548,6/26/2026,36.00560761,-94.11018372,41,USW00093993,FAYETTEVILLE,36.01027,-94.16824,3,84.92,73.04,294,228,1.208661417,3.74015748,78.98,Yes
1284,375660297,6/26/2026,36.22952271,-94.1505661,43,USW00093993,FAYETTEVILLE,36.01027,-94.16824,3,84.92,73.04,294,228,1.208661417,3.74015748,78.98,Yes
1404,375588371,6/26/2026,36.07235595,-93.66861279,41,USW00093993,FAYETTEVILLE,36.01027,-94.16824,3,84.92,73.04,294,228,1.208661417,3.74015748,78.98,Yes
1674,375509750,6/26/2026,36.40566314,-94.20268854,41,USW00093993,FAYETTEVILLE,36.01027,-94.16824,3,84.92,73.04,294,228,1.208661417,3.74015748,78.98,Yes
1675,375603514,6/26/2026,36.46679822,-93.96220661,41,USW00093993,FAYETTEVILLE,36.01027,-94.16824,3,84.92,73.04,294,228,1.208661417,3.74015748,78.98,Yes
1676,375623580,6/26/2026,36.48554518,-94.3479038,41,USW00093993,FAYETTEVILLE,36.01027,-94.16824,3,84.92,73.04,294,228,1.208661417,3.74015748,78.98,Yes
1686,384114637,6/26/2026,36.38173833,-94.199555,41,USW00093993,FAYETTEVILLE,36.01027,-94.16824,3,84.92,73.04,294,228,1.208661417,3.74015748,78.98,Yes
1285,375885418,6/27/2026,36.00573156,-94.11029105,41,USW00093993,FAYETTEVILLE,36.01027,-94.16824,279,87.98,71.06,311,217,1.181102362,3.751968504,79.52,Yes
1286,375948493,6/27/2026,36.0659994,-94.138904,41,USW00093993,FAYETTEVILLE,36.01027,-94.16824,279,87.98,71.06,311,217,1.181102362,3.751968504,79.52,Yes
1287,375969199,6/27/2026,36.0656703,-94.1392672,41,USW00093993,FAYETTEVILLE,36.01027,-94.16824,279,87.98,71.06,311,217,1.181102362,3.751968504,79.52,Yes
1297,376354319,6/27/2026,35.83646083,-94.07456195,41,USW00093993,FAYETTEVILLE,36.01027,-94.16824,279,87.98,71.06,311,217,1.181102362,3.751968504,79.52,Yes
1298,376354350,6/27/2026,35.83872327,-94.07726745,41,USW00093993,FAYETTEVILLE,36.01027,-94.16824,279,87.98,71.06,311,217,1.181102362,3.751968504,79.52,Yes
1299,376354402,6/27/2026,35.83867692,-94.0774362,41,USW00093993,FAYETTEVILLE,36.01027,-94.16824,279,87.98,71.06,311,217,1.181102362,3.751968504,79.52,Yes
1301,376897153,6/27/2026,36.04394223,-94.21810206,41,USW00093993,FAYETTEVILLE,36.01027,-94.16824,279,87.98,71.06,311,217,1.181102362,3.751968504,79.52,Yes
1309,377796216,6/27/2026,36.09621944,-94.23440556,41,USW00093993,FAYETTEVILLE,36.01027,-94.16824,279,87.98,71.06,311,217,1.181102362,3.751968504,79.52,Yes
1677,375811558,6/27/2026,36.45138036,-94.2536024,22,USW00093993,FAYETTEVILLE,36.01027,-94.16824,279,87.98,71.06,311,217,1.181102362,3.751968504,79.52,Yes
1678,375911309,6/27/2026,36.45583007,-94.18333981,21,USW00093993,FAYETTEVILLE,36.01027,-94.16824,279,87.98,71.06,311,217,1.181102362,3.751968504,79.52,Yes
1680,376534893,6/27/2026,36.49783,-94.27657167,21,USW00093993,FAYETTEVILLE,36.01027,-94.16824,279,87.98,71.06,311,217,1.181102362,3.751968504,79.52,Yes
1681,376599316,6/27/2026,36.38011697,-94.237216,41,USW00093993,FAYETTEVILLE,36.01027,-94.16824,279,87.98,71.06,311,217,1.181102362,3.751968504,79.52,Yes
1288,376188177,6/28/2026,36.30279553,-94.01613446,43,USW00093993,FAYETTEVILLE,36.01027,-94.16824,0,91.04,75.92,328,244,1.188976378,4.838582677,83.48,Yes
1289,376326121,6/28/2026,35.98547833,-94.30497833,41,USW00093993,FAYETTEVILLE,36.01027,-94.16824,0,91.04,75.92,328,244,1.188976378,4.838582677,83.48,Yes
1290,376332270,6/28/2026,36.33115333,-94.1049945,41,USW00093993,FAYETTEVILLE,36.01027,-94.16824,0,91.04,75.92,328,244,1.188976378,4.838582677,83.48,Yes
1291,376336764,6/28/2026,36.33115,-94.1050555,41,USW00093993,FAYETTEVILLE,36.01027,-94.16824,0,91.04,75.92,328,244,1.188976378,4.838582677,83.48,Yes
1292,376338818,6/28/2026,36.330505,-94.10524717,41,USW00093993,FAYETTEVILLE,36.01027,-94.16824,0,91.04,75.92,328,244,1.188976378,4.838582677,83.48,Yes
1293,376343032,6/28/2026,36.330975,-94.10363883,41,USW00093993,FAYETTEVILLE,36.01027,-94.16824,0,91.04,75.92,328,244,1.188976378,4.838582677,83.48,Yes
1294,376343461,6/28/2026,36.33098,-94.1036695,41,USW00093993,FAYETTEVILLE,36.01027,-94.16824,0,91.04,75.92,328,244,1.188976378,4.838582677,83.48,Yes
1295,376343821,6/28/2026,36.33017833,-94.105775,41,USW00093993,FAYETTEVILLE,36.01027,-94.16824,0,91.04,75.92,328,244,1.188976378,4.838582677,83.48,Yes
1296,376343851,6/28/2026,36.3302,-94.10583617,41,USW00093993,FAYETTEVILLE,36.01027,-94.16824,0,91.04,75.92,328,244,1.188976378,4.838582677,83.48,Yes
1300,376548395,6/28/2026,35.9831192,-94.31077823,22,USW00093993,FAYETTEVILLE,36.01027,-94.16824,0,91.04,75.92,328,244,1.188976378,4.838582677,83.48,Yes
1679,376154446,6/28/2026,36.45144434,-94.25348559,22,USW00093993,FAYETTEVILLE,36.01027,-94.16824,0,91.04,75.92,328,244,1.188976378,4.838582677,83.48,Yes
948,376897184,6/29/2026,35.74613912,-93.81028024,41,USW00093993,FAYETTEVILLE,36.01027,-94.16824,0,91.04,77,328,250,1.11023622,4.818897638,84.02,Yes
1303,377757440,7/3/2026,36.33093333,-94.1037445,41,USW00093993,FAYETTEVILLE,36.01027,-94.16824,0,91.04,71.06,328,217,0,1.11023622,81.05,Yes
1304,377757742,7/3/2026,36.33090333,-94.10365283,41,USW00093993,FAYETTEVILLE,36.01027,-94.16824,0,91.04,71.06,328,217,0,1.11023622,81.05,Yes
1305,377762369,7/3/2026,36.330475,-94.10528617,41,USW00093993,FAYETTEVILLE,36.01027,-94.16824,0,91.04,71.06,328,217,0,1.11023622,81.05,Yes
1306,377764268,7/3/2026,36.33001333,-94.10617783,41,USW00093993,FAYETTEVILLE,36.01027,-94.16824,0,91.04,71.06,328,217,0,1.11023622,81.05,Yes
1307,377764304,7/3/2026,36.330005,-94.10617783,41,USW00093993,FAYETTEVILLE,36.01027,-94.16824,0,91.04,71.06,328,217,0,1.11023622,81.05,Yes
1308,377765206,7/3/2026,36.33117,-94.10497217,41,USW00093993,FAYETTEVILLE,36.01027,-94.16824,0,91.04,71.06,328,217,0,1.11023622,81.05,Yes
1685,377757515,7/3/2026,36.49373294,-94.21000537,41,USW00093993,FAYETTEVILLE,36.01027,-94.16824,0,91.04,71.06,328,217,0,1.11023622,81.05,Yes
1412,378498143,7/4/2026,35.86161201,-93.74364584,41,USW00093993,FAYETTEVILLE,36.01027,-94.16824,18,93.92,71.06,344,217,0,1.098425197,82.49,Yes
920,382010676,7/7/2026,35.79265413,-94.30120463,41,USW00093993,FAYETTEVILLE,36.01027,-94.16824,0,91.04,66.02,328,189,0.232283465,0.232283465,78.53,Yes
1311,379207872,7/7/2026,36.330905,-94.10372217,41,USW00093993,FAYETTEVILLE,36.01027,-94.16824,0,91.04,66.02,328,189,0.232283465,0.232283465,78.53,Yes
1312,379209488,7/7/2026,36.330345,-94.1031805,41,USW00093993,FAYETTEVILLE,36.01027,-94.16824,0,91.04,66.02,328,189,0.232283465,0.232283465,78.53,Yes
1313,379209671,7/7/2026,36.33071333,-94.1037,41,USW00093993,FAYETTEVILLE,36.01027,-94.16824,0,91.04,66.02,328,189,0.232283465,0.232283465,78.53,Yes
1314,379209755,7/7/2026,36.33061167,-94.10379167,41,USW00093993,FAYETTEVILLE,36.01027,-94.16824,0,91.04,66.02,328,189,0.232283465,0.232283465,78.53,Yes
1315,379753842,7/9/2026,36.08330283,-94.15840833,41,USW00093993,FAYETTEVILLE,36.01027,-94.16824,0,93.02,77,339,250,0.070866142,0.232283465,85.01,Yes
1316,379753975,7/9/2026,36.08328883,-94.15837783,41,USW00093993,FAYETTEVILLE,36.01027,-94.16824,0,93.02,77,339,250,0.070866142,0.232283465,85.01,Yes
1317,379754262,7/9/2026,36.08350283,-94.1579805,41,USW00093993,FAYETTEVILLE,36.01027,-94.16824,0,93.02,77,339,250,0.070866142,0.232283465,85.01,Yes
1318,380071899,7/10/2026,36.0732,-94.1637805,21,USW00093993,FAYETTEVILLE,36.01027,-94.16824,0,93.02,73.94,339,233,0,0.232283465,83.48,Yes
1319,380072031,7/10/2026,36.0731195,-94.1634,22,USW00093993,FAYETTEVILLE,36.01027,-94.16824,0,93.02,73.94,339,233,0,0.232283465,83.48,Yes
1320,380382616,7/11/2026,36.33090333,-94.10376117,41,USW00093993,FAYETTEVILLE,36.01027,-94.16824,432,93.02,71.96,339,222,0,0.232283465,82.49,Yes
1321,380387015,7/11/2026,36.331195,-94.1049195,41,USW00093993,FAYETTEVILLE,36.01027,-94.16824,432,93.02,71.96,339,222,0,0.232283465,82.49,Yes
1322,380387042,7/11/2026,36.33122833,-94.10493333,41,USW00093993,FAYETTEVILLE,36.01027,-94.16824,432,93.02,71.96,339,222,0,0.232283465,82.49,Yes
1323,380752833,7/12/2026,36.32393333,-94.10072217,41,USW00093993,FAYETTEVILLE,36.01027,-94.16824,0,86,71.06,300,217,1.700787402,1.862204724,78.53,Yes
1324,380757460,7/12/2026,36.32683,-94.10125833,41,USW00093993,FAYETTEVILLE,36.01027,-94.16824,0,86,71.06,300,217,1.700787402,1.862204724,78.53,Yes
1325,380757496,7/12/2026,36.32683,-94.10124167,41,USW00093993,FAYETTEVILLE,36.01027,-94.16824,0,86,71.06,300,217,1.700787402,1.862204724,78.53,Yes
1326,380757540,7/12/2026,36.32684667,-94.10120283,41,USW00093993,FAYETTEVILLE,36.01027,-94.16824,0,86,71.06,300,217,1.700787402,1.862204724,78.53,Yes
1327,380757904,7/12/2026,36.32758667,-94.10141117,41,USW00093993,FAYETTEVILLE,36.01027,-94.16824,0,86,71.06,300,217,1.700787402,1.862204724,78.53,Yes
1414,380907618,7/12/2026,36.25643462,-93.7034319,43,USW00093993,FAYETTEVILLE,36.01027,-94.16824,0,86,71.06,300,217,1.700787402,1.862204724,78.53,Yes
921,382749921,7/17/2026,35.78856667,-94.25141167,41,USW00093993,FAYETTEVILLE,36.01027,-94.16824,0,89.06,69.08,317,206,0.090551181,1.791338583,79.07,Yes
950,382975360,7/18/2026,35.7457011,-93.8075874,41,USW00093993,FAYETTEVILLE,36.01027,-94.16824,0,91.04,71.96,328,222,0.090551181,1.791338583,81.5,Yes
951,382975851,7/18/2026,35.7462325,-93.8099748,41,USW00093993,FAYETTEVILLE,36.01027,-94.16824,0,91.04,71.96,328,222,0.090551181,1.791338583,81.5,Yes
1328,382667463,7/18/2026,36.33044667,-94.10561383,41,USW00093993,FAYETTEVILLE,36.01027,-94.16824,0,91.04,71.96,328,222,0.090551181,1.791338583,81.5,Yes
1329,382668186,7/18/2026,36.33007833,-94.1061695,41,USW00093993,FAYETTEVILLE,36.01027,-94.16824,0,91.04,71.96,328,222,0.090551181,1.791338583,81.5,Yes
1330,382668951,7/18/2026,36.330475,-94.10575,41,USW00093993,FAYETTEVILLE,36.01027,-94.16824,0,91.04,71.96,328,222,0.090551181,1.791338583,81.5,Yes
1331,383026153,7/19/2026,36.325945,-94.1009305,41,USW00093993,FAYETTEVILLE,36.01027,-94.16824,0,93.02,73.04,339,228,0,0.090551181,83.03,Yes
844,16344199,5/26/2015,35.55775,-94.1927,81,USW00013964,FORT SMITH,35.33346,-94.36526,0,82.94,62.06,283,167,4.385826772,8.255905512,72.5,Yes
129,3334682,5/29/2016,34.5464289,-93.45461523,43,USW00013964,FORT SMITH,35.33346,-94.36526,0,87.08,66.92,306,194,0.031496063,0.38976378,77,Yes
130,3335162,5/29/2016,34.5478071,-93.45514144,41,USW00013964,FORT SMITH,35.33346,-94.36526,0,87.08,66.92,306,194,0.031496063,0.38976378,77,Yes
431,3669401,7/12/2016,35.1647398,-93.6448431,41,USW00013964,FORT SMITH,35.33346,-94.36526,0,93.02,77,339,250,0.090551181,0.149606299,85.01,Yes
432,3669626,7/12/2016,35.16493276,-93.60617638,41,USW00013964,FORT SMITH,35.33346,-94.36526,0,93.02,77,339,250,0.090551181,0.149606299,85.01,Yes
433,3669628,7/12/2016,35.16535375,-93.61093998,41,USW00013964,FORT SMITH,35.33346,-94.36526,0,93.02,77,339,250,0.090551181,0.149606299,85.01,Yes
434,7374074,8/5/2017,35.16883653,-93.65235059,21,USW00013964,FORT SMITH,35.33346,-94.36526,0,91.94,71.06,333,217,0,0.208661417,81.5,Yes
420,26081937,5/22/2019,35.03713608,-94.17906189,43,USW00013964,FORT SMITH,35.33346,-94.36526,0,89.06,55.94,317,133,1.011811024,1.523622047,72.5,Yes
846,26368592,6/3/2019,35.28742493,-94.34372508,71,USW00013964,FORT SMITH,35.33346,-94.36526,160,80.96,68,272,200,0,2.712598425,74.48,Yes
435,26771233,6/9/2019,35.16814,-93.652231,41,USW00013964,FORT SMITH,35.33346,-94.36526,0,87.98,66.92,311,194,1.047244094,4.795275591,77.45,Yes
134,29289860,7/19/2019,34.54168136,-93.44606018,42,USW00013964,FORT SMITH,35.33346,-94.36526,0,96.98,75.02,361,239,0,0.24015748,86,Yes
135,31382796,8/23/2019,34.68233443,-93.84768918,43,USW00013964,FORT SMITH,35.33346,-94.36526,328,80.96,69.98,272,211,3.751968504,4.122047244,75.47,Yes
849,33925257,10/5/2019,35.54900847,-94.41056952,41,USW00013964,FORT SMITH,35.33346,-94.36526,0,89.06,62.96,317,172,0.059055118,0.059055118,76.01,Yes
136,51022059,6/26/2020,34.684738,-93.824387,41,USW00013964,FORT SMITH,35.33346,-94.36526,8,87.98,73.04,311,228,0.011811024,0.212598425,80.51,Yes
137,51128231,6/27/2020,34.5681419,-93.4733947,41,USW00013964,FORT SMITH,35.33346,-94.36526,0,91.94,69.98,333,211,0.031496063,0.244094488,80.96,Yes
437,56546294,6/27/2020,34.74787893,-93.66672825,42,USW00013964,FORT SMITH,35.33346,-94.36526,0,91.94,69.98,333,211,0.031496063,0.244094488,80.96,Yes
436,52334857,7/6/2020,35.16908056,-93.65660278,41,USW00013964,FORT SMITH,35.33346,-94.36526,0,93.02,73.04,339,228,0.358267717,0.468503937,83.03,Yes
96,54462330,7/26/2020,34.68186628,-94.35009213,41,USW00013964,FORT SMITH,35.33346,-94.36526,0,93.92,75.92,344,244,0,0,84.92,No
928,59595319,9/7/2020,35.30726198,-93.50948614,42,USW00013964,FORT SMITH,35.33346,-94.36526,0,91.04,69.98,328,211,0,6.669291339,80.51,Yes
140,62683395,10/15/2020,34.54499167,-93.45302,41,USW00013964,FORT SMITH,35.33346,-94.36526,0,73.94,57.92,233,144,0,0,65.93,No
439,82738638,6/12/2021,35.23283833,-93.627905,42,USW00013964,FORT SMITH,35.33346,-94.36526,0,98.06,75.92,367,244,0,0.88976378,86.99,Yes
440,86024465,7/6/2021,34.847,-93.66887778,43,USW00013964,FORT SMITH,35.33346,-94.36526,0,91.94,69.08,333,206,0,0.24015748,80.51,Yes
441,86024468,7/6/2021,34.84560278,-93.67607778,43,USW00013964,FORT SMITH,35.33346,-94.36526,0,91.94,69.08,333,206,0,0.24015748,80.51,Yes
861,87654080,7/18/2021,35.3517902,-94.37905862,22,USW00013964,FORT SMITH,35.33346,-94.36526,1003,87.98,71.96,311,222,3.11023622,3.11023622,79.97,Yes
442,90132699,8/4/2021,35.16675556,-93.6421,41,USW00013964,FORT SMITH,35.33346,-94.36526,0,89.06,69.98,317,211,0,0,79.52,No
443,121040103,6/3/2022,35.23802948,-93.3769989,41,USW00013964,FORT SMITH,35.33346,-94.36526,0,82.04,62.06,278,167,0.070866142,0.070866142,72.05,Yes
142,121738633,6/14/2022,34.552742,-93.49142456,21,USW00013964,FORT SMITH,35.33346,-94.36526,0,93.02,75.92,339,244,0,9.799212598,84.47,Yes
102,168497486,6/19/2023,34.484775,-94.13746667,42,USW00013964,FORT SMITH,35.33346,-94.36526,0,93.92,66.02,344,189,0.57480315,0.586614173,79.97,Yes
445,168898219,6/22/2023,35.16772093,-93.64612099,41,USW00013964,FORT SMITH,35.33346,-94.36526,0,89.96,75.02,322,239,0,0.57480315,82.49,Yes
103,173135613,7/13/2023,34.48458676,-94.38709365,81,USW00013964,FORT SMITH,35.33346,-94.36526,79,96.08,75.92,356,244,0.200787402,2.5,86,Yes
446,172941074,7/14/2023,34.86898059,-93.60613424,81,USW00013964,FORT SMITH,35.33346,-94.36526,582,93.02,71.96,339,222,0.511811024,2.421259843,82.49,Yes
105,215504955,5/13/2024,34.46457,-93.99855833,41,USW00013964,FORT SMITH,35.33346,-94.36526,15,78.98,64.04,261,178,0,1.818897638,71.51,Yes
421,215987463,5/14/2024,34.80645531,-94.09688241,43,USW00013964,FORT SMITH,35.33346,-94.36526,0,78.98,62.06,261,167,0.059055118,1.877952756,70.52,Yes
144,217567018,5/18/2024,34.61153291,-93.42735499,42,USW00013964,FORT SMITH,35.33346,-94.36526,0,89.96,60.98,322,161,0.023622047,0.082677165,75.47,Yes
447,218393917,5/26/2024,35.18408833,-93.418075,43,USW00013964,FORT SMITH,35.33346,-94.36526,0,95,73.94,350,233,0.527559055,0.637795276,84.47,Yes
107,222530870,6/6/2024,34.59713019,-94.34857955,81,USW00013964,FORT SMITH,35.33346,-94.36526,0,93.92,62.96,344,172,2.88976378,3.381889764,78.44,Yes
867,221954993,6/7/2024,35.27503889,-94.11350278,41,USW00013964,FORT SMITH,35.33346,-94.36526,0,91.94,71.06,333,217,1.440944882,3.070866142,81.5,Yes
422,229687758,6/10/2024,35.01582435,-93.88641376,43,USW00013964,FORT SMITH,35.33346,-94.36526,0,87.08,69.98,306,211,0.011811024,2.901574803,78.53,Yes
868,222171569,6/11/2024,35.30747833,-94.36448667,81,USW00013964,FORT SMITH,35.33346,-94.36526,0,87.98,64.94,311,183,0.011811024,1.452755906,76.46,Yes
108,222677922,6/13/2024,34.5823285,-94.2339,24,USW00013964,FORT SMITH,35.33346,-94.36526,0,93.02,68,339,200,0,0.011811024,80.51,Yes
448,231528921,7/24/2024,35.07723334,-93.71188246,81,USW00013964,FORT SMITH,35.33346,-94.36526,0,91.94,69.98,333,211,1.988188976,2.62992126,80.96,Yes
449,231848957,7/25/2024,35.16600818,-93.77091916,81,USW00013964,FORT SMITH,35.33346,-94.36526,0,91.94,73.04,333,228,1.279527559,1.988188976,82.49,Yes
870,283383180,5/23/2025,35.3065,-94.34342167,42,USW00013964,FORT SMITH,35.33346,-94.36526,0,80.06,64.94,267,183,0.169291339,3.070866142,72.5,Yes
151,284075545,5/25/2025,34.65906167,-93.83552,43,USW00013964,FORT SMITH,35.33346,-94.36526,43,77,68,250,200,1.421259843,4.492125984,72.5,Yes
152,284327997,5/26/2025,34.56780352,-93.43780728,43,USW00013964,FORT SMITH,35.33346,-94.36526,434,68,62.96,200,172,1.590551181,3.649606299,65.48,Yes
109,289809727,6/15/2025,34.63328934,-94.12566376,43,USW00013964,FORT SMITH,35.33346,-94.36526,74,84.92,69.08,294,206,1.661417323,1.661417323,77,Yes
423,289982176,6/15/2025,35.17487945,-94.2938548,21,USW00013964,FORT SMITH,35.33346,-94.36526,74,84.92,69.08,294,206,1.661417323,1.661417323,77,Yes
110,291446058,6/21/2025,34.68596895,-94.37941027,52,USW00013964,FORT SMITH,35.33346,-94.36526,0,93.02,75.92,339,244,0.88976378,1.551181102,84.47,Yes
112,293642071,6/25/2025,34.53377379,-94.12224089,43,USW00013964,FORT SMITH,35.33346,-94.36526,0,93.92,75.02,344,239,0,0.88976378,84.47,Yes
424,322888281,7/10/2025,35.18996808,-94.23477933,41,USW00013964,FORT SMITH,35.33346,-94.36526,0,93.92,75.02,344,239,2.88976378,2.88976378,84.47,Yes
113,298279811,7/15/2025,34.684616,-94.37123981,22,USW00013964,FORT SMITH,35.33346,-94.36526,102,89.96,75.92,322,244,1.350393701,4.070866142,82.94,Yes
114,298280038,7/15/2025,34.684616,-94.37123981,22,USW00013964,FORT SMITH,35.33346,-94.36526,102,89.96,75.92,322,244,1.350393701,4.070866142,82.94,Yes
158,299030653,7/18/2025,34.677445,-93.80825,21,USW00013964,FORT SMITH,35.33346,-94.36526,0,95,75.92,350,244,0.401574803,1.751968504,85.46,Yes
887,299916819,7/21/2025,35.490318,-94.40985028,43,USW00013964,FORT SMITH,35.33346,-94.36526,0,95,77,350,250,0,0.401574803,86,Yes
888,299916894,7/21/2025,35.49029348,-94.40976525,43,USW00013964,FORT SMITH,35.33346,-94.36526,0,95,77,350,250,0,0.401574803,86,Yes
889,299917213,7/21/2025,35.49229363,-94.41206367,42,USW00013964,FORT SMITH,35.33346,-94.36526,0,95,77,350,250,0,0.401574803,86,Yes
890,299917902,7/21/2025,35.49409805,-94.4119036,42,USW00013964,FORT SMITH,35.33346,-94.36526,0,95,77,350,250,0,0.401574803,86,Yes
451,331984596,12/23/2025,35.0291168,-93.8292613,43,USW00013964,FORT SMITH,35.33346,-94.36526,0,80.96,50,272,100,0,0.051181102,65.48,Yes
891,360038656,5/9/2026,35.36951497,-94.34646497,41,USW00013964,FORT SMITH,35.33346,-94.36526,0,87.08,57.92,306,144,0.098425197,0.098425197,72.5,Yes
162,363767390,5/21/2026,34.61978833,-93.805725,42,USW00013964,FORT SMITH,35.33346,-94.36526,3,80.06,66.92,267,194,1.511811024,1.511811024,73.49,Yes
892,364858351,5/24/2026,35.36877628,-94.34787076,41,USW00013964,FORT SMITH,35.33346,-94.36526,0,87.98,64.94,311,183,0.31496063,1.826771654,76.46,Yes
893,366729595,5/30/2026,35.49414519,-94.22258901,31,USW00013964,FORT SMITH,35.33346,-94.36526,0,93.92,71.96,344,222,1.248031496,1.330708661,82.94,Yes
894,366862737,5/30/2026,35.30235163,-94.33783374,43,USW00013964,FORT SMITH,35.33346,-94.36526,0,93.92,71.96,344,222,1.248031496,1.330708661,82.94,Yes
895,367193747,5/31/2026,35.3140622,-94.35031907,43,USW00013964,FORT SMITH,35.33346,-94.36526,0,93.92,73.04,344,228,0.019685039,1.299212598,83.48,Yes
896,367198219,5/31/2026,35.31493936,-94.34956023,43,USW00013964,FORT SMITH,35.33346,-94.36526,0,93.92,73.04,344,228,0.019685039,1.299212598,83.48,Yes
426,367566093,6/1/2026,35.18867088,-94.24616929,11,USW00013964,FORT SMITH,35.33346,-94.36526,0,96.08,73.04,356,228,0,1.299212598,84.56,Yes
427,367566201,6/1/2026,35.19010114,-94.2409348,71,USW00013964,FORT SMITH,35.33346,-94.36526,0,96.08,73.04,356,228,0,1.299212598,84.56,Yes
428,367566360,6/1/2026,35.18922563,-94.24174791,21,USW00013964,FORT SMITH,35.33346,-94.36526,0,96.08,73.04,356,228,0,1.299212598,84.56,Yes
117,368458102,6/4/2026,34.6014481,-94.24248822,42,USW00013964,FORT SMITH,35.33346,-94.36526,99,84.02,69.08,289,206,0.460629921,0.480314961,76.55,Yes
118,368458849,6/4/2026,34.6106327,-94.2306121,43,USW00013964,FORT SMITH,35.33346,-94.36526,99,84.02,69.08,289,206,0.460629921,0.480314961,76.55,Yes
119,368463375,6/4/2026,34.60228294,-94.24265661,42,USW00013964,FORT SMITH,35.33346,-94.36526,99,84.02,69.08,289,206,0.460629921,0.480314961,76.55,Yes
898,368772006,6/5/2026,35.30527833,-94.34751167,41,USW00013964,FORT SMITH,35.33346,-94.36526,0,84.02,73.94,289,233,0.850393701,0.850393701,78.98,Yes
170,369156436,6/6/2026,34.60921796,-93.69595446,43,USW00013964,FORT SMITH,35.33346,-94.36526,1003,82.94,71.06,283,217,0.38976378,0.850393701,77,Yes
911,372145384,6/7/2026,35.35636167,-94.39268667,22,USW00013964,FORT SMITH,35.33346,-94.36526,10,84.02,71.96,289,222,4.338582677,4.799212598,77.99,Yes
120,369772619,6/8/2026,34.59163037,-94.21924257,11,USW00013964,FORT SMITH,35.33346,-94.36526,0,91.94,73.04,333,228,3.988188976,4.838582677,82.49,Yes
121,369772817,6/8/2026,34.59160073,-94.21922103,11,USW00013964,FORT SMITH,35.33346,-94.36526,0,91.94,73.04,333,228,3.988188976,4.838582677,82.49,Yes
452,369796244,6/8/2026,35.17487335,-93.61792755,31,USW00013964,FORT SMITH,35.33346,-94.36526,0,91.94,73.04,333,228,3.988188976,4.838582677,82.49,Yes
900,369736993,6/8/2026,35.31500299,-94.22464,41,USW00013964,FORT SMITH,35.33346,-94.36526,0,91.94,73.04,333,228,3.988188976,4.838582677,82.49,Yes
901,370107277,6/9/2026,35.30743707,-94.20974798,41,USW00013964,FORT SMITH,35.33346,-94.36526,0,93.02,77,339,250,3.988188976,4.838582677,85.01,Yes
903,370814487,6/10/2026,35.500745,-94.21683667,42,USW00013964,FORT SMITH,35.33346,-94.36526,0,91.94,73.04,333,228,0.039370079,4.377952756,82.49,Yes
904,370814509,6/10/2026,35.500705,-94.21684167,42,USW00013964,FORT SMITH,35.33346,-94.36526,0,91.94,73.04,333,228,0.039370079,4.377952756,82.49,Yes
902,370628801,6/11/2026,35.35976028,-94.40949247,22,USW00013964,FORT SMITH,35.33346,-94.36526,0,91.94,78.08,333,256,0,4.377952756,85.01,Yes
453,371212573,6/12/2026,35.16392194,-93.64344015,71,USW00013964,FORT SMITH,35.33346,-94.36526,142,87.98,69.98,311,211,0,3.988188976,78.98,Yes
905,371368216,6/13/2026,35.45053018,-94.34612065,23,USW00013964,FORT SMITH,35.33346,-94.36526,0,93.92,71.96,344,222,0.559055118,4.547244094,82.94,Yes
172,372129054,6/14/2026,34.54342113,-93.49785788,43,USW00013964,FORT SMITH,35.33346,-94.36526,328,84.92,69.08,294,206,0.559055118,0.598425197,77,Yes
122,372079330,6/15/2026,34.58302167,-94.21168667,21,USW00013964,FORT SMITH,35.33346,-94.36526,0,86,69.98,300,211,1.850393701,1.850393701,77.99,Yes
174,372466141,6/16/2026,34.62975752,-93.46931137,42,USW00013964,FORT SMITH,35.33346,-94.36526,0,89.06,66.92,317,194,1.291338583,1.850393701,77.99,Yes
429,372500098,6/16/2026,35.18754444,-94.24209722,41,USW00013964,FORT SMITH,35.33346,-94.36526,0,89.06,66.92,317,194,1.291338583,1.850393701,77.99,Yes
124,373247036,6/17/2026,34.4629341,-93.99826957,41,USW00013964,FORT SMITH,35.33346,-94.36526,0,91.04,71.06,328,217,1.291338583,1.850393701,81.05,Yes
430,375343165,6/17/2026,35.16791109,-94.02039551,22,USW00013964,FORT SMITH,35.33346,-94.36526,0,91.04,71.06,328,217,1.291338583,1.850393701,81.05,Yes
912,372637247,6/17/2026,35.36984055,-94.34706445,43,USW00013964,FORT SMITH,35.33346,-94.36526,0,91.04,71.06,328,217,1.291338583,1.850393701,81.05,Yes
913,373545872,6/17/2026,35.30041333,-94.34365833,71,USW00013964,FORT SMITH,35.33346,-94.36526,0,91.04,71.06,328,217,1.291338583,1.850393701,81.05,Yes
919,379264206,6/21/2026,35.59765132,-94.29266269,43,USW00013964,FORT SMITH,35.33346,-94.36526,0,91.94,75.02,333,239,0.031496063,1.322834646,83.48,Yes
914,374672609,6/23/2026,35.26342994,-94.11153423,41,USW00013964,FORT SMITH,35.33346,-94.36526,0,78.98,71.96,261,222,0.88976378,0.921259843,75.47,Yes
125,374937759,6/24/2026,34.43889608,-94.33803955,43,USW00013964,FORT SMITH,35.33346,-94.36526,36,82.04,71.96,278,222,0.88976378,0.921259843,77,Yes
126,375732603,6/26/2026,34.38289859,-94.27148538,43,USW00013964,FORT SMITH,35.33346,-94.36526,0,89.06,75.92,317,244,0.161417323,1.051181102,82.49,Yes
455,375578320,6/26/2026,35.1647555,-93.64308833,41,USW00013964,FORT SMITH,35.33346,-94.36526,0,89.06,75.92,317,244,0.161417323,1.051181102,82.49,Yes
456,375583398,6/26/2026,35.16731207,-93.64491519,41,USW00013964,FORT SMITH,35.33346,-94.36526,0,89.06,75.92,317,244,0.161417323,1.051181102,82.49,Yes
176,384115123,6/27/2026,34.53978,-93.49298,21,USW00013964,FORT SMITH,35.33346,-94.36526,3,91.94,77,333,250,0.161417323,1.051181102,84.47,Yes
917,375842071,6/27/2026,35.4751622,-94.2242047,81,USW00013964,FORT SMITH,35.33346,-94.36526,3,91.94,77,333,250,0.161417323,1.051181102,84.47,Yes
918,375915364,6/27/2026,35.69143943,-94.3562528,41,USW00013964,FORT SMITH,35.33346,-94.36526,3,91.94,77,333,250,0.161417323,1.051181102,84.47,Yes
457,376206053,6/28/2026,35.16463122,-93.64302743,41,USW00013964,FORT SMITH,35.33346,-94.36526,0,93.92,77,344,250,0.031496063,1.062992126,85.46,Yes
458,376211706,6/28/2026,35.16463114,-93.64285672,41,USW00013964,FORT SMITH,35.33346,-94.36526,0,93.92,77,344,250,0.031496063,1.062992126,85.46,Yes
459,376376927,6/28/2026,35.17320608,-93.64378725,21,USW00013964,FORT SMITH,35.33346,-94.36526,0,93.92,77,344,250,0.031496063,1.062992126,85.46,Yes
460,376564649,6/28/2026,35.16479167,-93.6426,41,USW00013964,FORT SMITH,35.33346,-94.36526,0,93.92,77,344,250,0.031496063,1.062992126,85.46,Yes
461,376565137,6/28/2026,35.17178667,-93.64322,41,USW00013964,FORT SMITH,35.33346,-94.36526,0,93.92,77,344,250,0.031496063,1.062992126,85.46,Yes
462,376588210,6/29/2026,35.17182892,-93.64671726,41,USW00013964,FORT SMITH,35.33346,-94.36526,0,96.08,78.08,356,256,0.011811024,1.062992126,87.08,Yes
463,376865284,6/30/2026,35.15694931,-93.60867068,41,USW00013964,FORT SMITH,35.33346,-94.36526,0,96.08,78.08,356,256,0.011811024,0.173228346,87.08,Yes
464,377976806,6/30/2026,35.17078583,-93.64572528,41,USW00013964,FORT SMITH,35.33346,-94.36526,0,96.08,78.08,356,256,0.011811024,0.173228346,87.08,Yes
465,377976807,6/30/2026,35.17050611,-93.64624639,41,USW00013964,FORT SMITH,35.33346,-94.36526,0,96.08,78.08,356,256,0.011811024,0.173228346,87.08,Yes
466,377976811,6/30/2026,35.17110361,-93.64504,41,USW00013964,FORT SMITH,35.33346,-94.36526,0,96.08,78.08,356,256,0.011811024,0.173228346,87.08,Yes
467,377976818,6/30/2026,35.17081472,-93.64564278,41,USW00013964,FORT SMITH,35.33346,-94.36526,0,96.08,78.08,356,256,0.011811024,0.173228346,87.08,Yes
468,377976819,6/30/2026,35.17095139,-93.64578556,41,USW00013964,FORT SMITH,35.33346,-94.36526,0,96.08,78.08,356,256,0.011811024,0.173228346,87.08,Yes
469,377976827,6/30/2026,35.17063861,-93.64691417,41,USW00013964,FORT SMITH,35.33346,-94.36526,0,96.08,78.08,356,256,0.011811024,0.173228346,87.08,Yes
1333,4145598,8/22/2016,35.82706923,-93.38889599,41,USW00013971,HARRISON,36.26727,-93.15657,0,80.96,55.04,272,128,0.37007874,0.622047244,68,Yes
1371,253520028,8/11/2018,35.89121717,-93.58124456,41,USW00013971,HARRISON,36.26727,-93.15657,0,91.04,66.02,328,189,1.728346457,2.5,78.53,Yes
1334,17906571,10/14/2018,35.81708667,-93.39292167,41,USW00013971,HARRISON,36.26727,-93.15657,33,60.08,50,156,100,0.767716535,1.968503937,55.04,Yes
1470,39267792,6/23/2019,36.31051333,-92.399605,41,USW00013971,HARRISON,36.26727,-93.15657,711,77,62.96,250,172,0.11023622,0.338582677,69.98,Yes
1335,30670317,8/11/2019,35.82544923,-93.21248618,22,USW00013971,HARRISON,36.26727,-93.15657,3,89.06,75.02,317,239,1.551181102,1.594488189,82.04,Yes
1337,34649046,10/19/2019,36.03489398,-93.33700488,41,USW00013971,HARRISON,36.26727,-93.15657,0,71.06,42.08,217,56,0,0,56.57,No
925,49177528,6/10/2020,35.54566667,-93.22773,41,USW00013971,HARRISON,36.26727,-93.15657,0,75.02,59,239,150,1.933070866,2.665354331,67.01,Yes
1338,50821861,6/23/2020,36.02872737,-93.2473922,71,USW00013971,HARRISON,36.26727,-93.15657,0,82.94,62.06,283,167,1.87007874,1.87007874,72.5,Yes
926,52581006,7/10/2020,35.4831877,-93.4621688,22,USW00013971,HARRISON,36.26727,-93.15657,0,89.06,69.08,317,206,0.330708661,0.480314961,79.07,Yes
1339,52871385,7/12/2020,35.919555,-93.377525,41,USW00013971,HARRISON,36.26727,-93.15657,0,89.06,64.94,317,183,0.330708661,0.330708661,77,Yes
1415,394481947,8/7/2020,36.01486667,-93.38614667,41,USW00013971,HARRISON,36.26727,-93.15657,284,82.04,66.92,278,194,0.031496063,0.38976378,74.48,Yes
1340,60665659,9/24/2020,36.19115,-93.19082778,41,USW00013971,HARRISON,36.26727,-93.15657,0,78.08,55.94,256,133,0.220472441,0.220472441,67.01,Yes
1341,60667598,9/24/2020,36.19106944,-93.19064167,41,USW00013971,HARRISON,36.26727,-93.15657,0,78.08,55.94,256,133,0.220472441,0.220472441,67.01,Yes
1416,81200641,5/30/2021,36.05645283,-92.8366,41,USW00013971,HARRISON,36.26727,-93.15657,0,69.08,48.92,206,94,1.078740157,1.460629921,59,Yes
438,82591238,6/9/2021,35.21271167,-93.25663833,41,USW00013971,HARRISON,36.26727,-93.15657,0,89.96,64.04,322,178,0.311023622,0.311023622,77,Yes
1417,85398709,7/2/2021,36.22692167,-92.69724167,41,USW00013971,HARRISON,36.26727,-93.15657,0,82.04,60.98,278,161,0.433070866,0.653543307,71.51,Yes
1342,87401943,7/16/2021,35.89762167,-93.453545,41,USW00013971,HARRISON,36.26727,-93.15657,292,82.94,66.92,283,194,0,0.11023622,74.93,Yes
1343,88437166,7/24/2021,35.95362868,-93.2422851,22,USW00013971,HARRISON,36.26727,-93.15657,0,93.02,71.96,339,222,0,0.039370079,82.49,Yes
1344,88470039,7/24/2021,35.95362868,-93.2422851,22,USW00013971,HARRISON,36.26727,-93.15657,0,93.02,71.96,339,222,0,0.039370079,82.49,Yes
1345,89387026,7/27/2021,35.97314397,-93.45877797,41,USW00013971,HARRISON,36.26727,-93.15657,0,95,73.04,350,228,0,0,84.02,No
1346,89392556,7/29/2021,36.01229,-93.18612545,81,USW00013971,HARRISON,36.26727,-93.15657,0,95,69.98,350,211,0,0,82.49,No
1347,89427363,7/31/2021,36.01037124,-93.37666444,41,USW00013971,HARRISON,36.26727,-93.15657,0,96.08,69.08,356,206,0,0,82.58,No
1348,89974328,8/2/2021,35.86564667,-93.39881167,41,USW00013971,HARRISON,36.26727,-93.15657,0,84.02,64.04,289,178,1.169291339,1.169291339,74.03,Yes
1349,89974753,8/2/2021,35.865855,-93.398445,41,USW00013971,HARRISON,36.26727,-93.15657,0,84.02,64.04,289,178,1.169291339,1.169291339,74.03,Yes
953,90066173,8/5/2021,35.81207193,-93.01464718,41,USW00013971,HARRISON,36.26727,-93.15657,71,84.92,64.94,294,183,0,1.169291339,74.93,Yes
1351,92469057,8/24/2021,36.05052236,-93.5182425,24,USW00013971,HARRISON,36.26727,-93.15657,0,93.02,69.08,339,206,0.429133858,1.448818898,81.05,Yes
1352,97096849,10/2/2021,36.04932323,-93.32199786,41,USW00013971,HARRISON,36.26727,-93.15657,3,80.06,62.96,267,172,0.688976378,0.688976378,71.51,Yes
1429,184037318,5/18/2022,36.03355833,-92.86702833,41,USW00013971,HARRISON,36.26727,-93.15657,10,89.06,62.96,317,172,0.311023622,0.362204724,76.01,Yes
1420,119530201,5/25/2022,36.03346667,-92.866845,41,USW00013971,HARRISON,36.26727,-93.15657,25,75.02,53.96,239,122,1.24015748,1.38976378,64.49,Yes
1418,118938080,5/26/2022,36.030975,-92.866805,81,USW00013971,HARRISON,36.26727,-93.15657,61,60.98,53.06,161,117,1.338582677,1.448818898,57.02,Yes
1419,119185657,5/28/2022,35.87287167,-93.04836383,71,USW00013971,HARRISON,36.26727,-93.15657,0,80.96,51.08,272,106,0.338582677,1.688976378,66.02,Yes
1421,130885083,8/13/2022,35.96871167,-92.85225,41,USW00013971,HARRISON,36.26727,-93.15657,0,89.06,66.92,317,194,0,0,77.99,No
1698,132172972,8/23/2022,36.45901489,-92.35489653,41,USW00013971,HARRISON,36.26727,-93.15657,0,84.92,62.96,294,172,1.027559055,2.38976378,73.94,Yes
1422,133558587,9/3/2022,36.03198883,-92.86757,41,USW00013971,HARRISON,36.26727,-93.15657,0,82.94,66.02,283,189,1.161417323,1.62992126,74.48,Yes
1423,134523137,9/3/2022,36.03356667,-92.866875,41,USW00013971,HARRISON,36.26727,-93.15657,0,82.94,66.02,283,189,1.161417323,1.62992126,74.48,Yes
1361,182232641,9/4/2022,35.94578056,-93.41691667,41,USW00013971,HARRISON,36.26727,-93.15657,0,84.02,62.96,289,172,1.161417323,1.62992126,73.49,Yes
444,164553012,9/8/2022,35.21453,-93.26033833,41,USW00013971,HARRISON,36.26727,-93.15657,0,82.04,60.08,278,156,0,1.161417323,71.06,Yes
1356,166803213,6/11/2023,36.26911167,-93.50327167,42,USW00013971,HARRISON,36.26727,-93.15657,38,84.02,60.98,289,161,3.24015748,3.24015748,72.5,Yes
1424,167770920,6/16/2023,36.00239445,-92.68985,41,USW00013971,HARRISON,36.26727,-93.15657,5,78.98,62.96,261,172,0.641732283,1.421259843,70.97,Yes
1425,167779823,6/16/2023,35.989595,-92.71375333,81,USW00013971,HARRISON,36.26727,-93.15657,5,78.98,62.96,261,172,0.641732283,1.421259843,70.97,Yes
1426,168755253,6/21/2023,36.03321383,-92.8677,81,USW00013971,HARRISON,36.26727,-93.15657,0,87.98,62.06,311,167,0.220472441,0.881889764,75.02,Yes
931,173384758,7/16/2023,35.746925,-93.27654167,41,USW00013971,HARRISON,36.26727,-93.15657,0,91.04,64.94,328,183,2.622047244,2.803149606,77.99,Yes
932,173385437,7/16/2023,35.74176333,-93.272925,41,USW00013971,HARRISON,36.26727,-93.15657,0,91.04,64.94,328,183,2.622047244,2.803149606,77.99,Yes
1427,173846853,7/19/2023,36.0328,-92.86743,41,USW00013971,HARRISON,36.26727,-93.15657,0,93.02,78.98,339,261,0,2.622047244,86,Yes
1428,173847634,7/19/2023,36.03141667,-92.86772167,41,USW00013971,HARRISON,36.26727,-93.15657,0,93.02,78.98,339,261,0,2.622047244,86,Yes
960,174713270,7/22/2023,35.52524605,-92.69611866,41,USW00013971,HARRISON,36.26727,-93.15657,0,84.02,62.96,289,172,1.149606299,1.161417323,73.49,Yes
1358,178065188,8/12/2023,36.1331593,-93.5718536,41,USW00013971,HARRISON,36.26727,-93.15657,66,89.06,71.96,317,222,2.330708661,2.401574803,80.51,Yes
1430,216008527,5/15/2024,36.03348617,-92.86704167,41,USW00013971,HARRISON,36.26727,-93.15657,28,78.98,57.02,261,139,0.618110236,0.948818898,68,Yes
933,217571820,5/22/2024,35.40150556,-93.38503611,42,USW00013971,HARRISON,36.26727,-93.15657,112,73.94,59,233,150,0.149606299,0.350393701,66.47,Yes
961,218264442,5/25/2024,35.5405168,-93.097323,41,USW00013971,HARRISON,36.26727,-93.15657,0,84.92,62.96,294,172,0.440944882,0.590551181,73.94,Yes
934,218477693,5/26/2024,35.29187218,-93.20408097,41,USW00013971,HARRISON,36.26727,-93.15657,185,89.96,66.02,322,189,0,0.590551181,77.99,Yes
1431,219026326,5/27/2024,36.0309555,-92.86695833,81,USW00013971,HARRISON,36.26727,-93.15657,0,82.94,64.94,283,183,0.728346457,1.318897638,73.94,Yes
1432,219454912,5/30/2024,35.98957833,-92.74465833,41,USW00013971,HARRISON,36.26727,-93.15657,5,78.08,60.08,256,156,0.031496063,0.75984252,69.08,Yes
1433,219454946,5/30/2024,35.98965833,-92.74465833,41,USW00013971,HARRISON,36.26727,-93.15657,5,78.08,60.08,256,156,0.031496063,0.75984252,69.08,Yes
1434,219659157,5/31/2024,35.9898,-92.74501167,41,USW00013971,HARRISON,36.26727,-93.15657,86,69.08,62.06,206,167,0.051181102,0.779527559,65.57,Yes
1435,219659889,5/31/2024,35.989155,-92.744255,41,USW00013971,HARRISON,36.26727,-93.15657,86,69.08,62.06,206,167,0.051181102,0.779527559,65.57,Yes
962,220150155,6/1/2024,35.5294269,-92.66105465,41,USW00013971,HARRISON,36.26727,-93.15657,0,78.98,60.98,261,161,0.358267717,1.118110236,69.98,Yes
1436,219723749,6/1/2024,35.96746397,-92.73522602,41,USW00013971,HARRISON,36.26727,-93.15657,0,78.98,60.98,261,161,0.358267717,1.118110236,69.98,Yes
1369,222384352,6/4/2024,35.89864547,-93.57600152,43,USW00013971,HARRISON,36.26727,-93.15657,0,80.06,62.96,267,172,0.098425197,0.488188976,71.51,Yes
1364,221312332,6/6/2024,36.127675,-93.52040833,41,USW00013971,HARRISON,36.26727,-93.15657,0,84.02,57.02,289,139,0.137795276,0.496062992,70.52,Yes
1437,220997950,6/6/2024,35.99020833,-92.74484167,41,USW00013971,HARRISON,36.26727,-93.15657,0,84.02,57.02,289,139,0.137795276,0.496062992,70.52,Yes
1438,221000025,6/6/2024,35.98904667,-92.74413333,41,USW00013971,HARRISON,36.26727,-93.15657,0,84.02,57.02,289,139,0.137795276,0.496062992,70.52,Yes
1439,221640258,6/7/2024,36.03289717,-92.86808,81,USW00013971,HARRISON,36.26727,-93.15657,0,87.08,59,306,150,0.039370079,0.476377953,73.04,Yes
1365,221692337,6/9/2024,36.075945,-93.54560833,22,USW00013971,HARRISON,36.26727,-93.15657,5,75.92,55.94,244,133,0.059055118,0.196850394,65.93,Yes
1366,221692646,6/9/2024,36.06291833,-93.52508833,22,USW00013971,HARRISON,36.26727,-93.15657,5,75.92,55.94,244,133,0.059055118,0.196850394,65.93,Yes
1367,222091054,6/11/2024,35.861949,-93.233669,41,USW00013971,HARRISON,36.26727,-93.15657,0,82.94,55.94,283,133,0.078740157,0.118110236,69.44,Yes
1440,222168923,6/11/2024,35.990805,-92.74475,41,USW00013971,HARRISON,36.26727,-93.15657,0,82.94,55.94,283,133,0.078740157,0.118110236,69.44,Yes
1441,222169065,6/11/2024,35.99011667,-92.74494167,41,USW00013971,HARRISON,36.26727,-93.15657,0,82.94,55.94,283,133,0.078740157,0.118110236,69.44,Yes
1368,222348417,6/12/2024,35.855355,-93.46421167,41,USW00013971,HARRISON,36.26727,-93.15657,0,86,60.08,300,156,0.019685039,0.118110236,73.04,Yes
1370,245963674,7/24/2024,36.01058514,-93.37703549,41,USW00013971,HARRISON,36.26727,-93.15657,0,87.98,62.96,311,172,0.330708661,2.771653543,75.47,Yes
1442,231725182,7/25/2024,36.03353883,-92.86813333,41,USW00013971,HARRISON,36.26727,-93.15657,0,87.98,64.94,311,183,0.051181102,0.330708661,76.46,Yes
935,233773324,8/3/2024,35.81243896,-93.3421936,41,USW00013971,HARRISON,36.26727,-93.15657,0,89.96,68,322,200,0.11023622,0.11023622,78.98,Yes
1443,245001103,8/3/2024,36.09045833,-92.57283833,41,USW00013971,HARRISON,36.26727,-93.15657,0,89.96,68,322,200,0.11023622,0.11023622,78.98,Yes
963,245790270,10/5/2024,35.64455779,-92.62603182,52,USW00013971,HARRISON,36.26727,-93.15657,0,87.98,55.04,311,128,0,0,71.51,No
1372,282441883,5/19/2025,35.8984058,-93.57719317,41,USW00013971,HARRISON,36.26727,-93.15657,168,77,60.08,250,156,0.688976378,0.850393701,68.54,Yes
1444,284415954,5/26/2025,35.99001333,-92.745095,41,USW00013971,HARRISON,36.26727,-93.15657,234,60.08,55.04,156,128,1.527559055,3.338582677,57.56,Yes
964,285840080,5/31/2025,35.4539908,-93.1313903,42,USW00013971,HARRISON,36.26727,-93.15657,0,78.98,55.94,261,133,0.011811024,2.511811024,67.46,Yes
1445,285842622,5/31/2025,35.98942,-92.74443833,41,USW00013971,HARRISON,36.26727,-93.15657,0,78.98,55.94,261,133,0.011811024,2.511811024,67.46,Yes
1446,286077671,6/1/2025,36.03256117,-92.867005,41,USW00013971,HARRISON,36.26727,-93.15657,0,84.02,64.04,289,178,0.011811024,2.102362205,74.03,Yes
1373,287479965,6/6/2025,35.9737177,-93.45729674,41,USW00013971,HARRISON,36.26727,-93.15657,152,80.96,66.92,272,194,0.480314961,0.480314961,73.94,Yes
450,287708765,6/7/2025,35.2203908,-93.2510632,43,USW00013971,HARRISON,36.26727,-93.15657,310,82.04,66.92,278,194,1.078740157,1.078740157,74.48,Yes
1447,287744553,6/7/2025,35.99091167,-92.74516333,41,USW00013971,HARRISON,36.26727,-93.15657,310,82.04,66.92,278,194,1.078740157,1.078740157,74.48,Yes
1374,289350589,6/13/2025,35.97429657,-93.45706177,41,USW00013971,HARRISON,36.26727,-93.15657,122,80.06,66.92,267,194,0.421259843,2.251968504,73.49,Yes
1375,290008449,6/13/2025,36.0573987,-93.2642601,41,USW00013971,HARRISON,36.26727,-93.15657,122,80.06,66.92,267,194,0.421259843,2.251968504,73.49,Yes
1378,290580053,6/13/2025,35.94087228,-93.41099553,41,USW00013971,HARRISON,36.26727,-93.15657,122,80.06,66.92,267,194,0.421259843,2.251968504,73.49,Yes
1376,290266945,6/14/2025,36.10226405,-93.30774329,41,USW00013971,HARRISON,36.26727,-93.15657,0,86,64.04,300,178,0.901574803,2.133858268,75.02,Yes
1377,290267020,6/14/2025,36.15024766,-93.30348689,41,USW00013971,HARRISON,36.26727,-93.15657,0,86,64.04,300,178,0.901574803,2.133858268,75.02,Yes
1448,289667740,6/14/2025,36.24273335,-93.10006277,41,USW00013971,HARRISON,36.26727,-93.15657,0,86,64.04,300,178,0.901574803,2.133858268,75.02,Yes
965,290640142,6/16/2025,35.2743038,-93.1314611,21,USW00013971,HARRISON,36.26727,-93.15657,28,84.02,69.08,289,206,0.578740157,1.011811024,76.55,Yes
1381,292595822,6/19/2025,35.89281838,-93.44551682,41,USW00013971,HARRISON,36.26727,-93.15657,0,87.98,68,311,200,0.181102362,1.141732283,77.99,Yes
1449,290915987,6/19/2025,36.2426027,-93.09998331,41,USW00013971,HARRISON,36.26727,-93.15657,0,87.98,68,311,200,0.181102362,1.141732283,77.99,Yes
1450,291077818,6/19/2025,36.03354167,-92.86861333,41,USW00013971,HARRISON,36.26727,-93.15657,0,87.98,68,311,200,0.181102362,1.141732283,77.99,Yes
1451,291078341,6/19/2025,36.03328333,-92.86859167,41,USW00013971,HARRISON,36.26727,-93.15657,0,87.98,68,311,200,0.181102362,1.141732283,77.99,Yes
1452,291079154,6/19/2025,36.03322217,-92.868545,41,USW00013971,HARRISON,36.26727,-93.15657,0,87.98,68,311,200,0.181102362,1.141732283,77.99,Yes
968,293421534,6/20/2025,35.54988861,-93.15648651,41,USW00013971,HARRISON,36.26727,-93.15657,0,91.94,66.92,333,194,0.070866142,0.75984252,79.43,Yes
1379,291612846,6/21/2025,35.90408,-93.56530333,41,USW00013971,HARRISON,36.26727,-93.15657,0,89.96,73.94,322,233,0.070866142,0.279527559,81.95,Yes
1380,291864955,6/22/2025,35.97337697,-93.45801297,41,USW00013971,HARRISON,36.26727,-93.15657,0,89.96,73.04,322,228,0,0.279527559,81.5,Yes
1383,293135293,6/26/2025,35.97,-93.4599999,41,USW00013971,HARRISON,36.26727,-93.15657,0,89.06,69.98,317,211,0,0,79.52,No
1457,311219570,7/1/2025,35.83010011,-92.79197379,41,USW00013971,HARRISON,36.26727,-93.15657,0,87.08,66.02,306,189,0.696850394,1.377952756,76.55,Yes
1458,311219604,7/1/2025,35.83928051,-92.62488944,21,USW00013971,HARRISON,36.26727,-93.15657,0,87.08,66.02,306,189,0.696850394,1.377952756,76.55,Yes
1384,294937875,7/3/2025,35.90842,-93.55007,41,USW00013971,HARRISON,36.26727,-93.15657,0,89.06,62.06,317,167,0,1.377952756,75.56,Yes
1385,296418825,7/8/2025,36.0236509,-93.3544289,42,USW00013971,HARRISON,36.26727,-93.15657,338,82.94,69.08,283,206,0.511811024,0.511811024,76.01,Yes
1488,296566779,7/9/2025,36.04785545,-92.48051268,41,USW00013971,HARRISON,36.26727,-93.15657,0,89.96,68,322,200,1.842519685,1.842519685,78.98,Yes
1453,296900672,7/10/2025,36.21401944,-93.13568889,41,USW00013971,HARRISON,36.26727,-93.15657,0,89.96,64.94,322,183,1.842519685,1.842519685,77.45,Yes
1454,298022997,7/14/2025,35.87669762,-93.04642795,42,USW00013971,HARRISON,36.26727,-93.15657,3,84.02,68,289,200,1.492125984,3.334645669,76.01,Yes
1455,299374633,7/19/2025,36.24255882,-93.10008626,41,USW00013971,HARRISON,36.26727,-93.15657,0,93.02,69.98,339,211,0.070866142,1.795275591,81.5,Yes
1456,300014245,7/21/2025,35.99296167,-92.74411167,43,USW00013971,HARRISON,36.26727,-93.15657,0,93.02,75.02,339,239,0.070866142,0.303149606,84.02,Yes
938,301157961,7/22/2025,35.74209628,-93.44641361,41,USW00013971,HARRISON,36.26727,-93.15657,0,93.02,73.94,339,233,0,0.291338583,83.48,Yes
937,300527224,7/23/2025,35.7436,-93.46213667,41,USW00013971,HARRISON,36.26727,-93.15657,0,93.02,69.98,339,211,0,0.070866142,81.5,Yes
1390,363854997,5/9/2026,36.0594445,-93.61618,41,USW00013971,HARRISON,36.26727,-93.15657,0,82.94,57.02,283,139,0.011811024,0.291338583,69.98,Yes
1388,360996638,5/10/2026,36.10217783,-93.26471667,41,USW00013971,HARRISON,36.26727,-93.15657,3,73.94,53.96,233,122,0,0.291338583,63.95,Yes
1389,362606727,5/17/2026,36.018018,-93.3611715,81,USW00013971,HARRISON,36.26727,-93.15657,0,80.96,69.08,272,206,0,0.011811024,75.02,Yes
1392,364875664,5/24/2026,35.92788768,-93.37744243,41,USW00013971,HARRISON,36.26727,-93.15657,0,80.96,60.08,272,156,2.921259843,5.38976378,70.52,Yes
939,366084660,5/25/2026,35.7008422,-93.220818,41,USW00013971,HARRISON,36.26727,-93.15657,0,80.96,57.92,272,144,2.921259843,5.38976378,69.44,Yes
1460,370979585,5/29/2026,35.98285297,-92.76022897,41,USW00013971,HARRISON,36.26727,-93.15657,142,82.94,69.08,283,206,1.649606299,4.570866142,76.01,Yes
1394,368372480,6/4/2026,36.0388051,-93.3813617,21,USW00013971,HARRISON,36.26727,-93.15657,41,84.92,62.06,294,167,0.031496063,2.078740157,73.49,Yes
947,376876029,6/7/2026,35.27466821,-93.19404129,41,USW00013971,HARRISON,36.26727,-93.15657,51,82.94,69.98,283,211,0.472440945,0.503937008,76.46,Yes
949,377239990,6/7/2026,35.27460333,-93.19403,41,USW00013971,HARRISON,36.26727,-93.15657,51,82.94,69.98,283,211,0.472440945,0.503937008,76.46,Yes
1459,369477365,6/7/2026,36.03218883,-92.868745,52,USW00013971,HARRISON,36.26727,-93.15657,51,82.94,69.98,283,211,0.472440945,0.503937008,76.46,Yes
1396,370090662,6/9/2026,36.02370725,-93.35441126,43,USW00013971,HARRISON,36.26727,-93.15657,0,89.96,73.04,322,228,1.523622047,1.68503937,81.5,Yes
1402,375482483,6/9/2026,36.02536325,-93.35277652,42,USW00013971,HARRISON,36.26727,-93.15657,0,89.96,73.04,322,228,1.523622047,1.68503937,81.5,Yes
1397,370363083,6/10/2026,36.038771,-93.3814015,21,USW00013971,HARRISON,36.26727,-93.15657,0,89.06,71.96,317,222,1.212598425,1.68503937,80.51,Yes
454,372150012,6/13/2026,35.22663118,-93.25837494,41,USW00013971,HARRISON,36.26727,-93.15657,869,87.08,69.98,306,211,0.031496063,1.55511811,78.53,Yes
941,371800590,6/14/2026,35.36651167,-93.34439167,41,USW00013971,HARRISON,36.26727,-93.15657,130,75.92,62.06,244,167,3.452755906,4.665354331,68.99,Yes
1399,371672565,6/14/2026,36.28957041,-93.68539877,41,USW00013971,HARRISON,36.26727,-93.15657,130,75.92,62.06,244,167,3.452755906,4.665354331,68.99,Yes
971,372569055,6/15/2026,35.52982833,-92.66013333,42,USW00013971,HARRISON,36.26727,-93.15657,0,80.06,60.98,267,161,3.964566929,4.976377953,70.52,Yes
1400,372424991,6/15/2026,35.89680833,-93.45022,41,USW00013971,HARRISON,36.26727,-93.15657,0,80.06,60.98,267,161,3.964566929,4.976377953,70.52,Yes
943,372481687,6/16/2026,35.40225556,-93.38443611,42,USW00013971,HARRISON,36.26727,-93.15657,0,82.94,59,283,150,3.933070866,3.964566929,70.97,Yes
1408,376018189,6/16/2026,35.82283388,-93.39443676,41,USW00013971,HARRISON,36.26727,-93.15657,0,82.94,59,283,150,3.933070866,3.964566929,70.97,Yes
1461,372680474,6/16/2026,35.87607158,-93.04632098,42,USW00013971,HARRISON,36.26727,-93.15657,0,82.94,59,283,150,3.933070866,3.964566929,70.97,Yes
1462,372680794,6/16/2026,35.8763362,-93.04721324,42,USW00013971,HARRISON,36.26727,-93.15657,0,82.94,59,283,150,3.933070866,3.964566929,70.97,Yes
944,372830335,6/17/2026,35.40233333,-93.3854,42,USW00013971,HARRISON,36.26727,-93.15657,0,89.06,68,317,200,0.511811024,3.964566929,78.53,Yes
945,372831482,6/17/2026,35.40211667,-93.38524444,42,USW00013971,HARRISON,36.26727,-93.15657,0,89.06,68,317,200,0.511811024,3.964566929,78.53,Yes
946,372839023,6/17/2026,35.40178333,-93.38559167,42,USW00013971,HARRISON,36.26727,-93.15657,0,89.06,68,317,200,0.511811024,3.964566929,78.53,Yes
1695,372948344,6/18/2026,36.39356674,-92.74719498,43,USW00013971,HARRISON,36.26727,-93.15657,0,86,64.94,300,183,0,3.964566929,75.47,Yes
1464,374094861,6/19/2026,35.92089064,-92.57174958,81,USW00013971,HARRISON,36.26727,-93.15657,0,78.98,62.96,261,172,0,3.964566929,70.97,Yes
1463,373950088,6/21/2026,36.24259603,-93.10008922,41,USW00013971,HARRISON,36.26727,-93.15657,0,87.08,71.96,306,222,0,0.511811024,79.52,Yes
1468,377785026,6/22/2026,36.01985715,-92.61607966,21,USW00013971,HARRISON,36.26727,-93.15657,208,80.96,66.92,272,194,0,0,73.94,No
1469,377785544,6/22/2026,36.01985715,-92.61607966,21,USW00013971,HARRISON,36.26727,-93.15657,208,80.96,66.92,272,194,0,0,73.94,No
972,374720941,6/23/2026,35.5405091,-93.0940987,41,USW00013971,HARRISON,36.26727,-93.15657,23,75.02,66.02,239,189,0.818897638,0.818897638,70.52,Yes
973,379215502,6/23/2026,35.72002563,-93.01554049,41,USW00013971,HARRISON,36.26727,-93.15657,23,75.02,66.02,239,189,0.818897638,0.818897638,70.52,Yes
974,379215758,6/23/2026,35.71746774,-93.01533765,41,USW00013971,HARRISON,36.26727,-93.15657,23,75.02,66.02,239,189,0.818897638,0.818897638,70.52,Yes
975,379215845,6/23/2026,35.71699617,-93.01524897,41,USW00013971,HARRISON,36.26727,-93.15657,23,75.02,66.02,239,189,0.818897638,0.818897638,70.52,Yes
976,379215890,6/23/2026,35.71574563,-93.01563125,41,USW00013971,HARRISON,36.26727,-93.15657,23,75.02,66.02,239,189,0.818897638,0.818897638,70.52,Yes
977,379216730,6/23/2026,35.71170273,-93.02238412,41,USW00013971,HARRISON,36.26727,-93.15657,23,75.02,66.02,239,189,0.818897638,0.818897638,70.52,Yes
1465,374732543,6/23/2026,36.0330055,-92.86814167,81,USW00013971,HARRISON,36.26727,-93.15657,23,75.02,66.02,239,189,0.818897638,0.818897638,70.52,Yes
1405,375673868,6/26/2026,36.24566228,-93.65187568,41,USW00013971,HARRISON,36.26727,-93.15657,3,84.92,69.98,294,211,1.299212598,2.118110236,77.45,Yes
1406,375800908,6/26/2026,35.8983985,-93.57673859,41,USW00013971,HARRISON,36.26727,-93.15657,3,84.92,69.98,294,211,1.299212598,2.118110236,77.45,Yes
1407,375800911,6/26/2026,35.89935169,-93.57518091,41,USW00013971,HARRISON,36.26727,-93.15657,3,84.92,69.98,294,211,1.299212598,2.118110236,77.45,Yes
1466,375546283,6/26/2026,36.24252185,-93.10003691,41,USW00013971,HARRISON,36.26727,-93.15657,3,84.92,69.98,294,211,1.299212598,2.118110236,77.45,Yes
1467,375644733,6/26/2026,36.03123883,-92.86723333,81,USW00013971,HARRISON,36.26727,-93.15657,3,84.92,69.98,294,211,1.299212598,2.118110236,77.45,Yes
1409,376720675,6/29/2026,35.96989994,-93.45369678,41,USW00013971,HARRISON,36.26727,-93.15657,0,91.94,75.92,333,244,0.263779528,2.381889764,83.93,Yes
1696,376677213,6/29/2026,36.37372589,-92.77094269,81,USW00013971,HARRISON,36.26727,-93.15657,0,91.94,75.92,333,244,0.263779528,2.381889764,83.93,Yes
1410,377013255,6/30/2026,36.10555772,-93.26749785,41,USW00013971,HARRISON,36.26727,-93.15657,0,93.02,73.94,339,233,0.251968504,1.562992126,83.48,Yes
1411,377327420,7/1/2026,36.26897,-93.503005,42,USW00013971,HARRISON,36.26727,-93.15657,0,91.94,71.06,333,217,0,1.472440945,81.5,Yes
1413,378730001,7/5/2026,36.0501558,-93.3836627,41,USW00013971,HARRISON,36.26727,-93.15657,0,89.06,66.92,317,194,0,0,77.99,No
563,1544252,5/25/2015,34.7028228,-92.2612789,41,USW00013963,LITTLE ROCK,34.72727,-92.2358,292,84.92,64.04,294,178,0.468503937,2.078740157,74.48,Yes
177,1571891,5/31/2015,34.427799,-92.91046,42,USW00013963,LITTLE ROCK,34.72727,-92.2358,81,75.02,66.02,239,189,1.960629921,3.590551181,70.52,Yes
485,81378782,6/9/2015,35.10288909,-92.94762436,43,USW00013963,LITTLE ROCK,34.72727,-92.2358,0,93.92,71.96,344,222,0,0,82.94,No
194,41160481,6/24/2015,34.48264931,-93.14933897,22,USW00013963,LITTLE ROCK,34.72727,-92.2358,0,98.96,77,372,250,0,0.929133858,87.98,Yes
470,3327014,5/28/2016,34.85493255,-92.82574826,21,USW00013963,LITTLE ROCK,34.72727,-92.2358,0,84.92,64.94,294,183,0.220472441,0.220472441,74.93,Yes
370,14517957,5/31/2016,34.58485934,-92.2533005,42,USW00013963,LITTLE ROCK,34.72727,-92.2358,0,84.92,66.02,294,189,1.137795276,1.358267717,75.47,Yes
178,3585060,6/26/2016,34.18677,-93.061614,42,USW00013963,LITTLE ROCK,34.72727,-92.2358,0,98.06,78.98,367,261,0,0,88.52,No
574,7461418,7/30/2016,34.76400333,-92.32522,42,USW00013963,LITTLE ROCK,34.72727,-92.2358,74,93.92,73.94,344,233,0.448818898,0.559055118,83.93,Yes
564,3824249,8/7/2016,34.78134046,-92.36025779,43,USW00013963,LITTLE ROCK,34.72727,-92.2358,627,93.92,73.94,344,233,0.488188976,0.488188976,83.93,Yes
565,3877165,8/13/2016,34.75426507,-92.43259862,22,USW00013963,LITTLE ROCK,34.72727,-92.2358,91,82.94,75.02,283,239,0,2.956692913,78.98,Yes
179,3918452,8/19/2016,34.52029091,-93.0472632,41,USW00013963,LITTLE ROCK,34.72727,-92.2358,5,89.06,77,317,250,2.141732283,3.622047244,83.03,Yes
566,3931811,8/21/2016,34.7838926,-92.30101667,41,USW00013963,LITTLE ROCK,34.72727,-92.2358,0,86,71.06,300,217,0.87007874,4.102362205,78.53,Yes
567,3931814,8/21/2016,34.78441066,-92.30148588,41,USW00013963,LITTLE ROCK,34.72727,-92.2358,0,86,71.06,300,217,0.87007874,4.102362205,78.53,Yes
568,3931817,8/21/2016,34.78391888,-92.30256415,41,USW00013963,LITTLE ROCK,34.72727,-92.2358,0,86,71.06,300,217,0.87007874,4.102362205,78.53,Yes
569,3933503,8/21/2016,34.7785819,-92.30165501,42,USW00013963,LITTLE ROCK,34.72727,-92.2358,0,86,71.06,300,217,0.87007874,4.102362205,78.53,Yes
573,7461405,8/28/2016,34.7641,-92.32525,42,USW00013963,LITTLE ROCK,34.72727,-92.2358,0,95,75.92,350,244,0.141732283,0.141732283,85.46,Yes
471,3992401,8/29/2016,35.12060982,-92.93325115,42,USW00013963,LITTLE ROCK,34.72727,-92.2358,0,95,77,350,250,0.11023622,0.141732283,86,Yes
570,6219016,5/14/2017,34.78448905,-92.30153469,41,USW00013963,LITTLE ROCK,34.72727,-92.2358,0,80.06,53.06,267,117,1.24015748,1.24015748,66.56,Yes
571,6476051,5/29/2017,34.98513006,-92.37026957,81,USW00013963,LITTLE ROCK,34.72727,-92.2358,0,84.92,62.96,294,172,2.070866142,2.114173228,73.94,Yes
192,34186972,6/2/2017,34.65766133,-92.94761704,41,USW00013963,LITTLE ROCK,34.72727,-92.2358,3,82.04,64.94,278,183,0.181102362,2.251968504,73.49,Yes
180,6674275,6/8/2017,34.68061709,-93.00192833,41,USW00013963,LITTLE ROCK,34.72727,-92.2358,0,82.94,59,283,150,0.161417323,1.05511811,70.97,Yes
572,6873042,7/1/2017,34.77685333,-92.42866333,22,USW00013963,LITTLE ROCK,34.72727,-92.2358,8,91.04,68,328,200,0.141732283,0.141732283,79.52,Yes
575,8295630,7/15/2017,34.83695556,-92.47901944,43,USW00013963,LITTLE ROCK,34.72727,-92.2358,0,91.04,71.96,328,222,0.118110236,0.736220472,81.5,Yes
576,8295763,7/15/2017,34.8369,-92.4794,42,USW00013963,LITTLE ROCK,34.72727,-92.2358,0,91.04,71.96,328,222,0.118110236,0.736220472,81.5,Yes
181,7652369,8/12/2017,34.53487907,-93.03085327,42,USW00013963,LITTLE ROCK,34.72727,-92.2358,3,87.08,71.96,306,222,0.350393701,0.440944882,79.52,Yes
182,7652540,8/12/2017,34.522045,-93.04570198,41,USW00013963,LITTLE ROCK,34.72727,-92.2358,3,87.08,71.96,306,222,0.350393701,0.440944882,79.52,Yes
577,12861951,5/27/2018,34.80087833,-92.324845,41,USW00013963,LITTLE ROCK,34.72727,-92.2358,0,89.06,66.92,317,194,0,2.051181102,77.99,Yes
578,12881245,5/27/2018,34.75979667,-92.32302167,41,USW00013963,LITTLE ROCK,34.72727,-92.2358,0,89.06,66.92,317,194,0,2.051181102,77.99,Yes
579,13027984,6/1/2018,34.93243207,-91.9766018,21,USW00013963,LITTLE ROCK,34.72727,-92.2358,305,91.94,71.96,333,222,0,0,81.95,No
979,40966694,6/3/2018,35.28863333,-92.28893056,41,USW00013963,LITTLE ROCK,34.72727,-92.2358,0,86,66.92,300,194,1.200787402,1.200787402,76.46,Yes
472,13123404,6/4/2018,35.0964695,-92.94648,41,USW00013963,LITTLE ROCK,34.72727,-92.2358,0,86,62.06,300,167,1.200787402,1.200787402,74.03,Yes
580,14772813,7/23/2018,34.79790714,-92.32219147,41,USW00013963,LITTLE ROCK,34.72727,-92.2358,0,89.06,71.96,317,222,0.649606299,1.818897638,80.51,Yes
581,15825803,8/23/2018,34.83512833,-92.47923333,41,USW00013963,LITTLE ROCK,34.72727,-92.2358,0,82.94,66.02,283,189,0.070866142,3.842519685,74.48,Yes
183,16404685,9/10/2018,34.42719977,-93.15474065,81,USW00013963,LITTLE ROCK,34.72727,-92.2358,0,78.98,64.94,261,183,2.850393701,3.330708661,71.96,Yes
582,16466406,9/12/2018,34.81929336,-92.49149492,43,USW00013963,LITTLE ROCK,34.72727,-92.2358,3,78.08,66.92,256,194,0.090551181,3.330708661,72.5,Yes
583,16507172,9/13/2018,34.99133,-92.42931333,41,USW00013963,LITTLE ROCK,34.72727,-92.2358,0,87.98,64.94,311,183,0.011811024,3.342519685,76.46,Yes
193,34187475,9/28/2018,34.67218115,-92.9659327,41,USW00013963,LITTLE ROCK,34.72727,-92.2358,0,73.94,53.96,233,122,0.641732283,3.68503937,63.95,Yes
584,17169746,10/3/2018,34.84114167,-92.46109667,43,USW00013963,LITTLE ROCK,34.72727,-92.2358,0,87.98,69.08,311,206,0,0.413385827,78.53,Yes
585,17508855,10/14/2018,34.83699167,-92.47905833,43,USW00013963,LITTLE ROCK,34.72727,-92.2358,160,69.98,59,211,150,0.952755906,2.480314961,64.49,Yes
586,17514537,10/14/2018,34.83704667,-92.47905,43,USW00013963,LITTLE ROCK,34.72727,-92.2358,160,69.98,59,211,150,0.952755906,2.480314961,64.49,Yes
587,17514599,10/14/2018,34.83700833,-92.47896667,43,USW00013963,LITTLE ROCK,34.72727,-92.2358,160,69.98,59,211,150,0.952755906,2.480314961,64.49,Yes
588,17514823,10/14/2018,34.83705833,-92.479225,43,USW00013963,LITTLE ROCK,34.72727,-92.2358,160,69.98,59,211,150,0.952755906,2.480314961,64.49,Yes
589,17706453,10/20/2018,34.84642,-92.48033833,43,USW00013963,LITTLE ROCK,34.72727,-92.2358,38,71.96,51.08,222,106,0.948818898,4.377952756,61.52,Yes
590,17733324,10/20/2018,34.84592833,-92.47930333,42,USW00013963,LITTLE ROCK,34.72727,-92.2358,38,71.96,51.08,222,106,0.948818898,4.377952756,61.52,Yes
591,17733354,10/20/2018,34.845905,-92.47936167,42,USW00013963,LITTLE ROCK,34.72727,-92.2358,38,71.96,51.08,222,106,0.948818898,4.377952756,61.52,Yes
598,36153506,11/2/2018,34.78168767,-92.47328855,23,USW00013963,LITTLE ROCK,34.72727,-92.2358,3,62.06,41,167,50,1.622047244,1.622047244,51.53,Yes
592,25343345,5/18/2019,34.74228561,-92.39514702,24,USW00013963,LITTLE ROCK,34.72727,-92.2358,300,84.92,62.96,294,172,0,0.141732283,73.94,Yes
371,25917650,5/27/2019,34.58589167,-92.25413667,42,USW00013963,LITTLE ROCK,34.72727,-92.2358,0,89.96,71.06,322,217,0,1.019685039,80.51,Yes
185,26874625,6/2/2019,34.52662167,-93.03896383,41,USW00013963,LITTLE ROCK,34.72727,-92.2358,0,91.04,69.08,328,206,0.011811024,1.311023622,80.06,Yes
186,26874781,6/2/2019,34.52474167,-93.03986383,41,USW00013963,LITTLE ROCK,34.72727,-92.2358,0,91.04,69.08,328,206,0.011811024,1.311023622,80.06,Yes
184,26334469,6/3/2019,34.25193833,-93.1448445,41,USW00013963,LITTLE ROCK,34.72727,-92.2358,3,89.96,69.98,322,211,0,1.311023622,79.97,Yes
187,26874835,6/7/2019,34.51979167,-93.03993883,43,USW00013963,LITTLE ROCK,34.72727,-92.2358,0,84.92,66.92,294,194,1.440944882,1.452755906,75.92,Yes
593,26573122,6/7/2019,34.75440414,-92.43306049,23,USW00013963,LITTLE ROCK,34.72727,-92.2358,0,84.92,66.92,294,194,1.440944882,1.452755906,75.92,Yes
372,26627311,6/8/2019,34.58600333,-92.25387,42,USW00013963,LITTLE ROCK,34.72727,-92.2358,0,86,69.08,300,206,1.440944882,1.452755906,77.54,Yes
373,26637228,6/8/2019,34.58439167,-92.25288333,90,USW00013963,LITTLE ROCK,34.72727,-92.2358,0,86,69.08,300,206,1.440944882,1.452755906,77.54,Yes
374,26637261,6/8/2019,34.58614667,-92.25375333,42,USW00013963,LITTLE ROCK,34.72727,-92.2358,0,86,69.08,300,206,1.440944882,1.452755906,77.54,Yes
375,26640126,6/8/2019,34.60502,-92.48433,21,USW00013963,LITTLE ROCK,34.72727,-92.2358,0,86,69.08,300,206,1.440944882,1.452755906,77.54,Yes
594,26611785,6/8/2019,34.84130833,-92.46032,43,USW00013963,LITTLE ROCK,34.72727,-92.2358,0,86,69.08,300,206,1.440944882,1.452755906,77.54,Yes
473,26772061,6/10/2019,35.12590283,-92.91297833,43,USW00013963,LITTLE ROCK,34.72727,-92.2358,0,82.04,64.04,278,178,0,1.452755906,73.04,Yes
188,27900340,6/28/2019,34.4254695,-92.90981121,42,USW00013963,LITTLE ROCK,34.72727,-92.2358,0,84.02,71.06,289,217,0,1.992125984,77.54,Yes
189,28459535,7/8/2019,34.24446333,-93.15219167,41,USW00013963,LITTLE ROCK,34.72727,-92.2358,0,91.04,73.04,328,228,0,0.12992126,82.04,Yes
190,28467743,7/8/2019,34.244475,-93.15219167,41,USW00013963,LITTLE ROCK,34.72727,-92.2358,0,91.04,73.04,328,228,0,0.12992126,82.04,Yes
595,28443153,7/8/2019,34.97183388,-92.08392754,41,USW00013963,LITTLE ROCK,34.72727,-92.2358,0,91.04,73.04,328,228,0,0.12992126,82.04,Yes
212,53502803,7/17/2019,34.65032,-92.9038,43,USW00013963,LITTLE ROCK,34.72727,-92.2358,0,91.94,77,333,250,2.303149606,2.665354331,84.47,Yes
596,29127288,7/19/2019,34.77256106,-92.42915118,23,USW00013963,LITTLE ROCK,34.72727,-92.2358,0,91.94,75.02,333,239,0.161417323,2.31496063,83.48,Yes
191,29869671,7/21/2019,34.451873,-93.072017,23,USW00013963,LITTLE ROCK,34.72727,-92.2358,0,93.92,75.02,344,239,0,2.303149606,84.47,Yes
474,30347096,8/6/2019,35.11179733,-92.9500351,41,USW00013963,LITTLE ROCK,34.72727,-92.2358,0,96.08,73.94,356,233,0,0,85.01,No
475,30347197,8/6/2019,35.09629059,-92.9465332,41,USW00013963,LITTLE ROCK,34.72727,-92.2358,0,96.08,73.94,356,233,0,0,85.01,No
376,30959687,8/14/2019,34.58522888,-92.25362584,42,USW00013963,LITTLE ROCK,34.72727,-92.2358,0,93.02,75.92,339,244,0.031496063,3.921259843,84.47,Yes
597,31343495,8/21/2019,34.80635833,-92.32221167,41,USW00013963,LITTLE ROCK,34.72727,-92.2358,0,96.08,71.96,356,222,0,0,84.02,No
476,33507471,9/26/2019,34.85728833,-92.81432167,41,USW00013963,LITTLE ROCK,34.72727,-92.2358,0,82.94,68,283,200,0.023622047,0.224409449,75.47,Yes
599,43008854,4/23/2020,34.78019475,-92.45997777,22,USW00013963,LITTLE ROCK,34.72727,-92.2358,3,73.04,53.96,228,122,1.200787402,1.874015748,63.5,Yes
619,54191132,5/20/2020,34.83924414,-92.46843828,21,USW00013963,LITTLE ROCK,34.72727,-92.2358,0,77,55.94,250,133,1.299212598,2.082677165,66.47,Yes
600,47223295,5/24/2020,34.78296374,-92.35484918,22,USW00013963,LITTLE ROCK,34.72727,-92.2358,0,86,64.94,300,183,2.11023622,3.409448819,75.47,Yes
195,47316547,5/25/2020,34.5142662,-93.027111,42,USW00013963,LITTLE ROCK,34.72727,-92.2358,107,87.98,66.92,311,194,1.87007874,2.11023622,77.45,Yes
477,47397171,5/26/2020,35.12071117,-92.93373833,42,USW00013963,LITTLE ROCK,34.72727,-92.2358,81,80.96,66.02,272,189,1.311023622,2.531496063,73.49,Yes
377,47571415,5/27/2020,34.58666126,-92.25382882,41,USW00013963,LITTLE ROCK,34.72727,-92.2358,15,82.04,62.96,278,172,0.74015748,2.850393701,72.5,Yes
478,48061292,5/30/2020,35.12201383,-92.93424167,41,USW00013963,LITTLE ROCK,34.72727,-92.2358,0,82.94,59,283,150,0.11023622,1.74015748,70.97,Yes
601,47932857,5/30/2020,34.77328126,-92.37284864,42,USW00013963,LITTLE ROCK,34.72727,-92.2358,0,82.94,59,283,150,0.11023622,1.74015748,70.97,Yes
196,48172684,6/1/2020,34.51741264,-93.0511595,23,USW00013963,LITTLE ROCK,34.72727,-92.2358,0,82.94,60.98,283,161,0,0.850393701,71.96,Yes
602,49058891,6/9/2020,34.77240134,-92.37253205,42,USW00013963,LITTLE ROCK,34.72727,-92.2358,3,89.96,71.96,322,222,2.149606299,2.421259843,80.96,Yes
603,49188877,6/9/2020,35.233125,-92.495895,81,USW00013963,LITTLE ROCK,34.72727,-92.2358,3,89.96,71.96,322,222,2.149606299,2.421259843,80.96,Yes
197,49146786,6/10/2020,34.24684526,-93.16645049,11,USW00013963,LITTLE ROCK,34.72727,-92.2358,0,80.06,62.96,267,172,2.161417323,2.433070866,71.51,Yes
198,49156456,6/10/2020,34.24919523,-93.1652428,42,USW00013963,LITTLE ROCK,34.72727,-92.2358,0,80.06,62.96,267,172,2.161417323,2.433070866,71.51,Yes
199,49161892,6/10/2020,34.5146198,-93.0267982,42,USW00013963,LITTLE ROCK,34.72727,-92.2358,0,80.06,62.96,267,172,2.161417323,2.433070866,71.51,Yes
200,49163060,6/10/2020,34.5131136,-93.0177275,22,USW00013963,LITTLE ROCK,34.72727,-92.2358,0,80.06,62.96,267,172,2.161417323,2.433070866,71.51,Yes
604,49288306,6/11/2020,34.932005,-92.13552217,71,USW00013963,LITTLE ROCK,34.72727,-92.2358,0,86,59,300,150,2.161417323,2.421259843,72.5,Yes
605,49288443,6/11/2020,34.93205333,-92.1355055,71,USW00013963,LITTLE ROCK,34.72727,-92.2358,0,86,59,300,150,2.161417323,2.421259843,72.5,Yes
201,49647359,6/14/2020,34.44532306,-92.98207318,43,USW00013963,LITTLE ROCK,34.72727,-92.2358,0,89.96,68,322,200,0.019685039,2.181102362,78.98,Yes
607,50003103,6/14/2020,34.75707258,-92.41851335,41,USW00013963,LITTLE ROCK,34.72727,-92.2358,0,89.96,68,322,200,0.019685039,2.181102362,78.98,Yes
606,49781959,6/15/2020,34.73930833,-92.43685333,22,USW00013963,LITTLE ROCK,34.72727,-92.2358,0,91.04,68,328,200,0.019685039,2.181102362,79.52,Yes
608,50609334,6/22/2020,34.76303229,-92.39567231,22,USW00013963,LITTLE ROCK,34.72727,-92.2358,56,86,69.08,300,206,0.61023622,0.61023622,77.54,Yes
202,50933408,6/23/2020,34.42294444,-92.91046389,43,USW00013963,LITTLE ROCK,34.72727,-92.2358,378,87.08,68,306,200,0.830708661,0.830708661,77.54,Yes
203,51175637,6/27/2020,34.48875,-92.61295,22,USW00013963,LITTLE ROCK,34.72727,-92.2358,0,89.96,69.98,322,211,0.220472441,2.539370079,79.97,Yes
379,51133748,6/27/2020,34.5053723,-92.2057037,22,USW00013963,LITTLE ROCK,34.72727,-92.2358,0,89.96,69.98,322,211,0.220472441,2.539370079,79.97,Yes
609,51260480,6/27/2020,34.83994667,-92.49311167,41,USW00013963,LITTLE ROCK,34.72727,-92.2358,0,89.96,69.98,322,211,0.220472441,2.539370079,79.97,Yes
479,51940828,6/29/2020,34.78593914,-92.59661809,81,USW00013963,LITTLE ROCK,34.72727,-92.2358,373,78.08,71.06,256,217,0.492125984,2.200787402,74.57,Yes
610,51495536,6/30/2020,34.8369155,-92.47843925,43,USW00013963,LITTLE ROCK,34.72727,-92.2358,0,89.96,73.94,322,233,1.74015748,3.448818898,81.95,Yes
611,51512721,6/30/2020,34.89757864,-92.20535383,41,USW00013963,LITTLE ROCK,34.72727,-92.2358,0,89.96,73.94,322,233,1.74015748,3.448818898,81.95,Yes
206,51540490,7/1/2020,34.34965091,-92.90746799,81,USW00013963,LITTLE ROCK,34.72727,-92.2358,0,89.96,75.02,322,239,1.74015748,1.960629921,82.49,Yes
207,51611474,7/1/2020,34.24462208,-93.15371307,42,USW00013963,LITTLE ROCK,34.72727,-92.2358,0,89.96,75.02,322,239,1.74015748,1.960629921,82.49,Yes
612,51575994,7/1/2020,34.72959373,-92.4317569,43,USW00013963,LITTLE ROCK,34.72727,-92.2358,0,89.96,75.02,322,239,1.74015748,1.960629921,82.49,Yes
138,51858163,7/2/2020,34.61361108,-93.19248156,42,USW00013963,LITTLE ROCK,34.72727,-92.2358,91,93.92,71.06,344,217,1.468503937,1.960629921,82.49,Yes
139,51859708,7/2/2020,34.61173325,-93.19432986,43,USW00013963,LITTLE ROCK,34.72727,-92.2358,91,93.92,71.06,344,217,1.468503937,1.960629921,82.49,Yes
981,51869302,7/2/2020,35.28703667,-92.44962167,43,USW00013963,LITTLE ROCK,34.72727,-92.2358,91,93.92,71.06,344,217,1.468503937,1.960629921,82.49,Yes
617,53431350,7/3/2020,34.77891667,-92.30142167,42,USW00013963,LITTLE ROCK,34.72727,-92.2358,0,91.94,69.98,333,211,0.358267717,2.318897638,80.96,Yes
480,52442626,7/4/2020,34.83854134,-92.5195176,41,USW00013963,LITTLE ROCK,34.72727,-92.2358,0,89.06,71.96,317,222,0.358267717,2.098425197,80.51,Yes
620,54199865,7/4/2020,34.83970881,-92.46704183,42,USW00013963,LITTLE ROCK,34.72727,-92.2358,0,89.06,71.96,317,222,0.358267717,2.098425197,80.51,Yes
208,52056882,7/5/2020,34.51805467,-93.03993858,43,USW00013963,LITTLE ROCK,34.72727,-92.2358,0,89.96,73.04,322,228,0.358267717,2.098425197,81.5,Yes
613,52091637,7/5/2020,34.75736587,-92.42012152,41,USW00013963,LITTLE ROCK,34.72727,-92.2358,0,89.96,73.04,322,228,0.358267717,2.098425197,81.5,Yes
209,52134787,7/6/2020,34.53460333,-93.04938617,41,USW00013963,LITTLE ROCK,34.72727,-92.2358,0,89.06,71.06,317,217,0,1.826771654,80.06,Yes
614,52185372,7/6/2020,34.83957167,-92.47013833,43,USW00013963,LITTLE ROCK,34.72727,-92.2358,0,89.06,71.06,317,217,0,1.826771654,80.06,Yes
210,52386009,7/8/2020,34.2139129,-93.09164889,42,USW00013963,LITTLE ROCK,34.72727,-92.2358,0,87.98,71.96,311,222,0,0.358267717,79.97,Yes
380,52514459,7/9/2020,34.5452419,-92.3596807,41,USW00013963,LITTLE ROCK,34.72727,-92.2358,295,91.94,71.06,333,217,0,0.358267717,81.5,Yes
481,52523947,7/9/2020,34.78856067,-92.59468482,41,USW00013963,LITTLE ROCK,34.72727,-92.2358,295,91.94,71.06,333,217,0,0.358267717,81.5,Yes
381,52641787,7/10/2020,34.631363,-92.38371897,41,USW00013963,LITTLE ROCK,34.72727,-92.2358,0,91.94,71.06,333,217,1.161417323,1.161417323,81.5,Yes
615,53041028,7/10/2020,34.82821,-92.490655,43,USW00013963,LITTLE ROCK,34.72727,-92.2358,0,91.94,71.06,333,217,1.161417323,1.161417323,81.5,Yes
211,52709576,7/11/2020,34.25324213,-93.13059784,43,USW00013963,LITTLE ROCK,34.72727,-92.2358,0,95,75.02,350,239,1.161417323,1.161417323,85.01,Yes
984,59516293,7/12/2020,35.29058,-92.27706167,41,USW00013963,LITTLE ROCK,34.72727,-92.2358,0,93.02,75.92,339,244,1.161417323,1.161417323,84.47,Yes
616,53071213,7/14/2020,34.79569667,-92.31655833,41,USW00013963,LITTLE ROCK,34.72727,-92.2358,0,93.02,73.94,339,233,0,1.161417323,83.48,Yes
618,54005339,7/22/2020,34.80226333,-92.31477167,43,USW00013963,LITTLE ROCK,34.72727,-92.2358,3,82.94,75.02,283,239,0,0,78.98,No
483,73081990,7/26/2020,34.9089,-93.06411111,42,USW00013963,LITTLE ROCK,34.72727,-92.2358,0,91.04,73.04,328,228,0.181102362,0.192913386,82.04,Yes
213,54772947,7/29/2020,34.434425,-93.04531667,42,USW00013963,LITTLE ROCK,34.72727,-92.2358,86,89.06,73.94,317,233,0,0.192913386,81.5,Yes
214,54773004,7/29/2020,34.4351,-93.05364722,42,USW00013963,LITTLE ROCK,34.72727,-92.2358,86,89.06,73.94,317,233,0,0.192913386,81.5,Yes
215,56053202,8/10/2020,34.25278938,-93.13979882,42,USW00013963,LITTLE ROCK,34.72727,-92.2358,0,96.98,75.02,361,239,0,0.011811024,86,Yes
216,56053253,8/10/2020,34.25279639,-93.13972509,42,USW00013963,LITTLE ROCK,34.72727,-92.2358,0,96.98,75.02,361,239,0,0.011811024,86,Yes
217,56869569,8/18/2020,34.6518484,-92.96209116,11,USW00013963,LITTLE ROCK,34.72727,-92.2358,0,91.04,71.06,328,217,0,0.527559055,81.05,Yes
218,58766539,9/6/2020,34.52290833,-93.04406117,43,USW00013963,LITTLE ROCK,34.72727,-92.2358,0,89.96,64.94,322,183,0,1.358267717,77.45,Yes
482,60250627,9/20/2020,35.11248389,-92.94953056,41,USW00013963,LITTLE ROCK,34.72727,-92.2358,0,80.96,57.02,272,139,0,0,68.99,No
219,61161882,9/28/2020,34.44270256,-92.8102877,22,USW00013963,LITTLE ROCK,34.72727,-92.2358,74,75.02,55.04,239,128,0,1.807086614,65.03,Yes
220,75897733,4/30/2021,34.51526061,-93.06999873,21,USW00013963,LITTLE ROCK,34.72727,-92.2358,0,78.08,57.02,256,139,0.921259843,2.862204724,67.55,Yes
621,79138413,5/13/2021,34.91608,-92.26618333,71,USW00013963,LITTLE ROCK,34.72727,-92.2358,0,73.04,50,228,100,0.862204724,1.031496063,61.52,Yes
622,79448622,5/19/2021,34.90874167,-92.322495,42,USW00013963,LITTLE ROCK,34.72727,-92.2358,152,75.02,66.02,239,189,1.559055118,1.559055118,70.52,Yes
623,80748595,5/29/2021,34.85202638,-92.43009554,71,USW00013963,LITTLE ROCK,34.72727,-92.2358,0,69.98,55.04,211,128,0.75984252,0.75984252,62.51,Yes
221,81327597,6/2/2021,34.49373627,-93.05965424,22,USW00013963,LITTLE ROCK,34.72727,-92.2358,0,78.98,66.92,261,194,1.881889764,2.641732283,72.95,Yes
484,81371261,6/2/2021,35.18665333,-93.03894717,90,USW00013963,LITTLE ROCK,34.72727,-92.2358,0,78.98,66.92,261,194,1.881889764,2.641732283,72.95,Yes
624,81354211,6/2/2021,34.87302,-92.41753333,23,USW00013963,LITTLE ROCK,34.72727,-92.2358,0,78.98,66.92,261,194,1.881889764,2.641732283,72.95,Yes
222,81593861,6/4/2021,34.21278833,-93.08415283,71,USW00013963,LITTLE ROCK,34.72727,-92.2358,0,84.92,62.96,294,172,1.881889764,2.023622047,73.94,Yes
223,82063445,6/4/2021,34.21277,-93.08422783,71,USW00013963,LITTLE ROCK,34.72727,-92.2358,0,84.92,62.96,294,172,1.881889764,2.023622047,73.94,Yes
382,81902643,6/4/2021,34.68173833,-92.463975,21,USW00013963,LITTLE ROCK,34.72727,-92.2358,0,84.92,62.96,294,172,1.881889764,2.023622047,73.94,Yes
625,81580176,6/4/2021,34.9367712,-92.41043036,41,USW00013963,LITTLE ROCK,34.72727,-92.2358,0,84.92,62.96,294,172,1.881889764,2.023622047,73.94,Yes
626,81768828,6/5/2021,34.84527,-92.47632,43,USW00013963,LITTLE ROCK,34.72727,-92.2358,10,75.92,66.02,244,189,0,1.881889764,70.97,Yes
627,81769056,6/5/2021,34.84280333,-92.47702833,42,USW00013963,LITTLE ROCK,34.72727,-92.2358,10,75.92,66.02,244,189,0,1.881889764,70.97,Yes
628,81935842,6/6/2021,35.22577685,-92.40286053,21,USW00013963,LITTLE ROCK,34.72727,-92.2358,5,82.94,66.92,283,194,0.039370079,1.921259843,74.93,Yes
629,82350652,6/9/2021,34.83951167,-92.451155,42,USW00013963,LITTLE ROCK,34.72727,-92.2358,429,87.98,69.98,311,211,3.429133858,3.468503937,78.98,Yes
668,134946570,6/9/2021,34.71375837,-92.50010235,71,USW00013963,LITTLE ROCK,34.72727,-92.2358,429,87.98,69.98,311,211,3.429133858,3.468503937,78.98,Yes
986,82568076,6/9/2021,35.36470032,-92.46450043,43,USW00013963,LITTLE ROCK,34.72727,-92.2358,429,87.98,69.98,311,211,3.429133858,3.468503937,78.98,Yes
224,82445024,6/10/2021,34.48140883,-93.08607594,41,USW00013963,LITTLE ROCK,34.72727,-92.2358,18,91.94,73.04,333,228,5.098425197,5.157480315,82.49,Yes
225,82465427,6/10/2021,34.43487139,-93.04579833,42,USW00013963,LITTLE ROCK,34.72727,-92.2358,18,91.94,73.04,333,228,5.098425197,5.157480315,82.49,Yes
226,82481308,6/10/2021,34.54058838,-92.69532776,41,USW00013963,LITTLE ROCK,34.72727,-92.2358,18,91.94,73.04,333,228,5.098425197,5.157480315,82.49,Yes
228,82723674,6/10/2021,34.51978217,-93.05284218,43,USW00013963,LITTLE ROCK,34.72727,-92.2358,18,91.94,73.04,333,228,5.098425197,5.157480315,82.49,Yes
227,82550932,6/11/2021,34.51979185,-93.04694225,43,USW00013963,LITTLE ROCK,34.72727,-92.2358,0,91.04,73.04,328,228,4.318897638,5.228346457,82.04,Yes
630,83668220,6/19/2021,34.70054945,-92.4011925,42,USW00013963,LITTLE ROCK,34.72727,-92.2358,0,91.04,68,328,200,0,0,79.52,No
631,86933049,7/7/2021,34.93851467,-92.41401952,41,USW00013963,LITTLE ROCK,34.72727,-92.2358,0,93.02,73.04,339,228,0,0.531496063,83.03,Yes
632,86933073,7/7/2021,34.93830957,-92.41293475,41,USW00013963,LITTLE ROCK,34.72727,-92.2358,0,93.02,73.04,339,228,0,0.531496063,83.03,Yes
229,87583871,7/18/2021,34.43533667,-93.04371667,42,USW00013963,LITTLE ROCK,34.72727,-92.2358,10,86,73.04,300,228,0.381889764,1.208661417,79.52,Yes
230,87594559,7/18/2021,34.43560833,-93.0504695,42,USW00013963,LITTLE ROCK,34.72727,-92.2358,10,86,73.04,300,228,0.381889764,1.208661417,79.52,Yes
231,88576132,7/21/2021,34.44085745,-92.80972374,41,USW00013963,LITTLE ROCK,34.72727,-92.2358,0,89.06,71.06,317,217,0.059055118,0.440944882,80.06,Yes
633,88254998,7/23/2021,34.87708265,-92.34463356,41,USW00013963,LITTLE ROCK,34.72727,-92.2358,56,91.94,73.94,333,233,1,1.440944882,82.94,Yes
634,88255335,7/23/2021,34.87692587,-92.34444112,41,USW00013963,LITTLE ROCK,34.72727,-92.2358,56,91.94,73.94,333,233,1,1.440944882,82.94,Yes
635,88436976,7/24/2021,35.0501248,-91.86716356,90,USW00013963,LITTLE ROCK,34.72727,-92.2358,0,91.94,75.02,333,239,1.220472441,1.661417323,83.48,Yes
486,88685621,7/26/2021,34.83543333,-92.53659167,41,USW00013963,LITTLE ROCK,34.72727,-92.2358,13,93.92,75.92,344,244,0.220472441,1.24015748,84.92,Yes
488,102673211,7/26/2021,34.78546614,-92.59690372,42,USW00013963,LITTLE ROCK,34.72727,-92.2358,13,93.92,75.92,344,244,0.220472441,1.24015748,84.92,Yes
487,101155768,11/14/2021,34.90705833,-92.55143,43,USW00013963,LITTLE ROCK,34.72727,-92.2358,0,64.94,33.08,183,6,0.988188976,1,49.01,Yes
636,118437070,5/23/2022,34.94054553,-92.30435812,81,USW00013963,LITTLE ROCK,34.72727,-92.2358,0,75.02,57.02,239,139,1.5,1.87007874,66.02,Yes
489,119178531,5/28/2022,34.85801667,-92.81741333,42,USW00013963,LITTLE ROCK,34.72727,-92.2358,0,84.02,59,289,150,0.200787402,2.480314961,71.51,Yes
637,119928815,6/2/2022,34.98533333,-92.30656333,41,USW00013963,LITTLE ROCK,34.72727,-92.2358,366,73.94,66.02,233,189,0.118110236,0.118110236,69.98,Yes
638,120082679,6/2/2022,34.99308333,-92.38594167,21,USW00013963,LITTLE ROCK,34.72727,-92.2358,366,73.94,66.02,233,189,0.118110236,0.118110236,69.98,Yes
640,120394472,6/2/2022,34.782455,-92.42071667,21,USW00013963,LITTLE ROCK,34.72727,-92.2358,366,73.94,66.02,233,189,0.118110236,0.118110236,69.98,Yes
991,119960424,6/2/2022,35.28723833,-92.48030833,41,USW00013963,LITTLE ROCK,34.72727,-92.2358,366,73.94,66.02,233,189,0.118110236,0.118110236,69.98,Yes
639,120083665,6/3/2022,34.99251667,-92.38631333,21,USW00013963,LITTLE ROCK,34.72727,-92.2358,0,82.04,60.98,278,161,1.559055118,1.559055118,71.51,Yes
641,120412379,6/5/2022,34.83668,-92.48026333,41,USW00013963,LITTLE ROCK,34.72727,-92.2358,0,87.98,62.96,311,172,1.440944882,1.559055118,75.47,Yes
642,120413374,6/5/2022,34.99587,-92.36956167,41,USW00013963,LITTLE ROCK,34.72727,-92.2358,0,87.98,62.96,311,172,1.440944882,1.559055118,75.47,Yes
643,120415264,6/5/2022,34.99587167,-92.36978833,21,USW00013963,LITTLE ROCK,34.72727,-92.2358,0,87.98,62.96,311,172,1.440944882,1.559055118,75.47,Yes
658,122303582,6/5/2022,34.80759167,-92.47488333,41,USW00013963,LITTLE ROCK,34.72727,-92.2358,0,87.98,62.96,311,172,1.440944882,1.559055118,75.47,Yes
383,120760510,6/7/2022,34.68147833,-92.46378333,21,USW00013963,LITTLE ROCK,34.72727,-92.2358,20,86,69.08,300,206,1.5,3.059055118,77.54,Yes
644,120740387,6/7/2022,34.76183701,-92.39576721,22,USW00013963,LITTLE ROCK,34.72727,-92.2358,20,86,69.08,300,206,1.5,3.059055118,77.54,Yes
645,120741561,6/7/2022,34.80265427,-92.31731415,42,USW00013963,LITTLE ROCK,34.72727,-92.2358,20,86,69.08,300,206,1.5,3.059055118,77.54,Yes
646,120744740,6/7/2022,34.80212021,-92.31828308,42,USW00013963,LITTLE ROCK,34.72727,-92.2358,20,86,69.08,300,206,1.5,3.059055118,77.54,Yes
384,120901016,6/8/2022,34.6723902,-92.30124166,41,USW00013963,LITTLE ROCK,34.72727,-92.2358,117,75.92,66.02,244,189,1.578740157,3.137795276,70.97,Yes
992,121046080,6/8/2022,35.28761667,-92.480995,41,USW00013963,LITTLE ROCK,34.72727,-92.2358,117,75.92,66.02,244,189,1.578740157,3.137795276,70.97,Yes
232,120942559,6/9/2022,34.61708832,-92.97312164,71,USW00013963,LITTLE ROCK,34.72727,-92.2358,0,84.92,64.94,294,183,2.039370079,3.480314961,74.93,Yes
233,121016790,6/9/2022,34.42735459,-93.10016982,11,USW00013963,LITTLE ROCK,34.72727,-92.2358,0,84.92,64.94,294,183,2.039370079,3.480314961,74.93,Yes
647,121022799,6/9/2022,35.1060674,-92.45267071,22,USW00013963,LITTLE ROCK,34.72727,-92.2358,0,84.92,64.94,294,183,2.039370079,3.480314961,74.93,Yes
648,121030603,6/9/2022,34.88987833,-92.28073833,41,USW00013963,LITTLE ROCK,34.72727,-92.2358,0,84.92,64.94,294,183,2.039370079,3.480314961,74.93,Yes
649,121030664,6/9/2022,34.89042833,-92.2797,41,USW00013963,LITTLE ROCK,34.72727,-92.2358,0,84.92,64.94,294,183,2.039370079,3.480314961,74.93,Yes
650,121030725,6/9/2022,34.89041333,-92.27971667,41,USW00013963,LITTLE ROCK,34.72727,-92.2358,0,84.92,64.94,294,183,2.039370079,3.480314961,74.93,Yes
651,121109292,6/10/2022,34.87030091,-92.48685342,22,USW00013963,LITTLE ROCK,34.72727,-92.2358,140,78.98,66.92,261,194,0.539370079,2.039370079,72.95,Yes
652,121170113,6/10/2022,34.98747167,-92.37664667,21,USW00013963,LITTLE ROCK,34.72727,-92.2358,140,78.98,66.92,261,194,0.539370079,2.039370079,72.95,Yes
653,121170282,6/10/2022,34.99253833,-92.38622167,21,USW00013963,LITTLE ROCK,34.72727,-92.2358,140,78.98,66.92,261,194,0.539370079,2.039370079,72.95,Yes
654,121171152,6/10/2022,34.97475,-92.35742167,81,USW00013963,LITTLE ROCK,34.72727,-92.2358,140,78.98,66.92,261,194,0.539370079,2.039370079,72.95,Yes
655,121337056,6/10/2022,34.70546667,-92.2576,23,USW00013963,LITTLE ROCK,34.72727,-92.2358,140,78.98,66.92,261,194,0.539370079,2.039370079,72.95,Yes
659,122373300,6/10/2022,34.80339101,-92.30935548,23,USW00013963,LITTLE ROCK,34.72727,-92.2358,140,78.98,66.92,261,194,0.539370079,2.039370079,72.95,Yes
490,122738490,6/11/2022,34.839447,-92.519447,43,USW00013963,LITTLE ROCK,34.72727,-92.2358,0,87.98,66.02,311,189,1.011811024,2.590551181,77,Yes
1021,261193210,6/11/2022,35.2889343,-92.48423289,42,USW00013963,LITTLE ROCK,34.72727,-92.2358,0,87.98,66.02,311,189,1.011811024,2.590551181,77,Yes
161,310561419,6/12/2022,34.61269667,-93.195495,42,USW00013963,LITTLE ROCK,34.72727,-92.2358,0,96.08,77,356,250,0.551181102,2.590551181,86.54,Yes
234,123299881,6/12/2022,34.565675,-92.75198333,41,USW00013963,LITTLE ROCK,34.72727,-92.2358,0,96.08,77,356,250,0.551181102,2.590551181,86.54,Yes
656,121497148,6/12/2022,34.73183636,-92.35182608,42,USW00013963,LITTLE ROCK,34.72727,-92.2358,0,96.08,77,356,250,0.551181102,2.590551181,86.54,Yes
994,121658161,6/13/2022,35.29025,-92.28585997,41,USW00013963,LITTLE ROCK,34.72727,-92.2358,0,95,77,350,250,0.551181102,2.590551181,86,Yes
657,122232088,6/17/2022,34.986625,-92.38726167,21,USW00013963,LITTLE ROCK,34.72727,-92.2358,0,98.06,78.08,367,256,0,0.551181102,88.07,Yes
660,122390790,6/18/2022,35.05089082,-92.44050921,21,USW00013963,LITTLE ROCK,34.72727,-92.2358,0,96.98,78.08,361,256,0,0,87.53,No
661,122398426,6/18/2022,35.05067445,-92.44039538,41,USW00013963,LITTLE ROCK,34.72727,-92.2358,0,96.98,78.08,361,256,0,0,87.53,No
662,122471514,6/19/2022,34.83705139,-92.48003387,41,USW00013963,LITTLE ROCK,34.72727,-92.2358,0,89.06,69.08,317,206,0,0,79.07,No
663,123508663,6/23/2022,34.83568192,-92.47839355,43,USW00013963,LITTLE ROCK,34.72727,-92.2358,18,96.98,77,361,250,0,0,86.99,No
760,296718197,7/28/2022,34.97928333,-92.40865333,41,USW00013963,LITTLE ROCK,34.72727,-92.2358,203,93.02,77,339,250,0.901574803,0.901574803,85.01,Yes
664,130489725,8/11/2022,34.83658833,-92.48085833,41,USW00013963,LITTLE ROCK,34.72727,-92.2358,23,89.96,75.02,322,239,0.039370079,0.051181102,82.49,Yes
665,132644033,8/28/2022,34.835305,-92.47785833,41,USW00013963,LITTLE ROCK,34.72727,-92.2358,0,93.92,73.94,344,233,0,0.200787402,83.93,Yes
666,133641312,9/4/2022,34.82191167,-92.45403833,11,USW00013963,LITTLE ROCK,34.72727,-92.2358,0,91.04,71.06,328,217,0.188976378,0.188976378,81.05,Yes
667,133975915,9/6/2022,34.76026558,-92.41516185,43,USW00013963,LITTLE ROCK,34.72727,-92.2358,8,91.94,69.08,333,206,0.118110236,0.307086614,80.51,Yes
235,137107780,9/28/2022,34.428355,-92.93029667,43,USW00013963,LITTLE ROCK,34.72727,-92.2358,0,82.94,55.04,283,128,0.070866142,0.291338583,68.99,Yes
385,152091376,2/7/2023,34.69727,-92.35680333,41,USW00013963,LITTLE ROCK,34.72727,-92.2358,3,69.08,50,206,100,0,0.519685039,59.54,Yes
386,161605118,5/14/2023,34.58529403,-92.25375965,42,USW00013963,LITTLE ROCK,34.72727,-92.2358,0,89.96,69.98,322,211,1.188976378,1.602362205,79.97,Yes
669,166817174,6/11/2023,34.83658833,-92.48014167,41,USW00013963,LITTLE ROCK,34.72727,-92.2358,0,95,66.92,350,194,2.24015748,2.24015748,80.96,Yes
670,166896916,6/11/2023,34.97858,-92.37133,41,USW00013963,LITTLE ROCK,34.72727,-92.2358,0,95,66.92,350,194,2.24015748,2.24015748,80.96,Yes
491,167188825,6/12/2023,34.866101,-92.76793,43,USW00013963,LITTLE ROCK,34.72727,-92.2358,0,78.98,68,261,200,2.24015748,2.24015748,73.49,Yes
1003,169721967,6/17/2023,35.28874337,-92.2869996,21,USW00013963,LITTLE ROCK,34.72727,-92.2358,0,91.04,71.96,328,222,0.452755906,1.901574803,81.5,Yes
671,168569252,6/20/2023,34.99920654,-92.37963042,41,USW00013963,LITTLE ROCK,34.72727,-92.2358,0,91.94,71.96,333,222,0.460629921,0.913385827,81.95,Yes
1000,168756660,6/21/2023,35.28702167,-92.47968333,42,USW00013963,LITTLE ROCK,34.72727,-92.2358,0,89.96,71.96,322,222,0.460629921,0.913385827,80.96,Yes
1001,168756703,6/21/2023,35.28673667,-92.47906333,42,USW00013963,LITTLE ROCK,34.72727,-92.2358,0,89.96,71.96,322,222,0.460629921,0.913385827,80.96,Yes
1002,168918766,6/22/2023,35.28677833,-92.47947,42,USW00013963,LITTLE ROCK,34.72727,-92.2358,0,89.06,71.06,317,217,0,0.472440945,80.06,Yes
672,168980258,6/23/2023,35.09913333,-92.46832167,21,USW00013963,LITTLE ROCK,34.72727,-92.2358,0,91.94,68,333,200,0,0.472440945,79.97,Yes
673,169643896,6/26/2023,34.979155,-92.36505833,21,USW00013963,LITTLE ROCK,34.72727,-92.2358,0,93.92,71.96,344,222,1.338582677,1.338582677,82.94,Yes
236,171432928,7/6/2023,34.65738833,-92.852055,41,USW00013963,LITTLE ROCK,34.72727,-92.2358,20,93.92,75.02,344,239,0.559055118,0.559055118,84.47,Yes
237,171436161,7/6/2023,34.660475,-92.85179167,43,USW00013963,LITTLE ROCK,34.72727,-92.2358,20,93.92,75.02,344,239,0.559055118,0.559055118,84.47,Yes
674,171629692,7/7/2023,34.83516667,-92.47871333,41,USW00013963,LITTLE ROCK,34.72727,-92.2358,8,89.06,73.94,317,233,0.637795276,0.637795276,81.5,Yes
675,171629968,7/7/2023,34.83635,-92.48063667,41,USW00013963,LITTLE ROCK,34.72727,-92.2358,8,89.06,73.94,317,233,0.637795276,0.637795276,81.5,Yes
238,171865953,7/8/2023,34.4362908,-92.9168152,42,USW00013963,LITTLE ROCK,34.72727,-92.2358,102,91.04,75.02,328,239,0.669291339,0.669291339,83.03,Yes
492,171748998,7/8/2023,34.90781955,-92.55098811,41,USW00013963,LITTLE ROCK,34.72727,-92.2358,102,91.04,75.02,328,239,0.669291339,0.669291339,83.03,Yes
493,171756940,7/8/2023,34.90628162,-92.55337579,43,USW00013963,LITTLE ROCK,34.72727,-92.2358,102,91.04,75.02,328,239,0.669291339,0.669291339,83.03,Yes
239,172597043,7/11/2023,34.65187833,-92.96220333,11,USW00013963,LITTLE ROCK,34.72727,-92.2358,28,86,68,300,200,0.921259843,1.590551181,77,Yes
240,172598487,7/12/2023,34.67775333,-93.00821112,41,USW00013963,LITTLE ROCK,34.72727,-92.2358,0,86,77,300,250,0.62992126,1.700787402,81.5,Yes
242,182164587,7/12/2023,34.49106222,-92.64143944,21,USW00013963,LITTLE ROCK,34.72727,-92.2358,0,86,77,300,250,0.62992126,1.700787402,81.5,Yes
389,176748659,7/12/2023,34.58608333,-92.25392167,42,USW00013963,LITTLE ROCK,34.72727,-92.2358,0,86,77,300,250,0.62992126,1.700787402,81.5,Yes
676,172580390,7/12/2023,34.838055,-92.50125833,90,USW00013963,LITTLE ROCK,34.72727,-92.2358,0,86,77,300,250,0.62992126,1.700787402,81.5,Yes
1004,173763435,7/12/2023,35.28740463,-92.4835013,43,USW00013963,LITTLE ROCK,34.72727,-92.2358,0,86,77,300,250,0.62992126,1.700787402,81.5,Yes
1022,261193882,7/12/2023,35.28956906,-92.48426873,42,USW00013963,LITTLE ROCK,34.72727,-92.2358,0,86,77,300,250,0.62992126,1.700787402,81.5,Yes
677,172713943,7/13/2023,34.8651123,-92.48583984,43,USW00013963,LITTLE ROCK,34.72727,-92.2358,86,91.94,75.02,333,239,0.11023622,1.141732283,83.48,Yes
241,172997578,7/14/2023,34.62371283,-92.51569983,22,USW00013963,LITTLE ROCK,34.72727,-92.2358,117,89.96,71.96,322,222,0.448818898,1.401574803,80.96,Yes
290,285829794,7/14/2023,34.51070833,-93.06770283,43,USW00013963,LITTLE ROCK,34.72727,-92.2358,117,89.96,71.96,322,222,0.448818898,1.401574803,80.96,Yes
678,172886038,7/14/2023,34.855896,-92.18605804,90,USW00013963,LITTLE ROCK,34.72727,-92.2358,117,89.96,71.96,322,222,0.448818898,1.401574803,80.96,Yes
679,172886745,7/14/2023,34.81828735,-92.4541552,41,USW00013963,LITTLE ROCK,34.72727,-92.2358,117,89.96,71.96,322,222,0.448818898,1.401574803,80.96,Yes
680,172999927,7/14/2023,34.98624167,-92.378145,41,USW00013963,LITTLE ROCK,34.72727,-92.2358,117,89.96,71.96,322,222,0.448818898,1.401574803,80.96,Yes
494,173022404,7/15/2023,34.90300063,-92.78710314,42,USW00013963,LITTLE ROCK,34.72727,-92.2358,5,91.94,71.96,333,222,0.799212598,1.830708661,81.95,Yes
496,173605247,7/15/2023,35.07883966,-92.57508238,42,USW00013963,LITTLE ROCK,34.72727,-92.2358,5,91.94,71.96,333,222,0.799212598,1.830708661,81.95,Yes
681,173126192,7/15/2023,35.20115845,-92.2086175,41,USW00013963,LITTLE ROCK,34.72727,-92.2358,5,91.94,71.96,333,222,0.799212598,1.830708661,81.95,Yes
495,173528152,7/17/2023,34.95335333,-92.66588667,42,USW00013963,LITTLE ROCK,34.72727,-92.2358,0,93.92,73.04,344,228,0.480314961,0.929133858,83.48,Yes
1005,174800046,7/20/2023,35.28719344,-92.47931935,43,USW00013963,LITTLE ROCK,34.72727,-92.2358,0,96.98,80.06,361,267,0,0.818897638,88.52,Yes
682,174337767,7/22/2023,34.83642578,-92.48036957,41,USW00013963,LITTLE ROCK,34.72727,-92.2358,0,87.98,71.96,311,222,0.940944882,0.960629921,79.97,Yes
827,197077517,7/22/2023,34.884575,-91.53098333,90,USW00013963,LITTLE ROCK,34.72727,-92.2358,0,87.98,71.96,311,222,0.940944882,0.960629921,79.97,Yes
497,174800184,7/23/2023,34.87166501,-92.65467515,43,USW00013963,LITTLE ROCK,34.72727,-92.2358,0,91.94,69.08,333,206,0.940944882,0.940944882,80.51,Yes
387,175123870,7/26/2023,34.59557155,-92.33039732,21,USW00013963,LITTLE ROCK,34.72727,-92.2358,0,95,78.08,350,256,0,0.940944882,86.54,Yes
388,175124098,7/26/2023,34.5955542,-92.33043822,21,USW00013963,LITTLE ROCK,34.72727,-92.2358,0,95,78.08,350,256,0,0.940944882,86.54,Yes
1006,175121973,7/26/2023,35.28777167,-92.48145333,43,USW00013963,LITTLE ROCK,34.72727,-92.2358,0,95,78.08,350,256,0,0.940944882,86.54,Yes
1007,175122429,7/26/2023,35.28766667,-92.4813,43,USW00013963,LITTLE ROCK,34.72727,-92.2358,0,95,78.08,350,256,0,0.940944882,86.54,Yes
1008,175124024,7/26/2023,35.28638333,-92.47855333,42,USW00013963,LITTLE ROCK,34.72727,-92.2358,0,95,78.08,350,256,0,0.940944882,86.54,Yes
498,176897725,8/5/2023,35.09908333,-92.94547167,41,USW00013963,LITTLE ROCK,34.72727,-92.2358,41,102.92,78.08,394,256,0,0.251968504,90.5,Yes
243,182407444,8/7/2023,34.52956581,-92.5806242,90,USW00013963,LITTLE ROCK,34.72727,-92.2358,135,86,73.04,300,228,0.220472441,0.460629921,79.52,Yes
390,177624913,8/9/2023,34.6632177,-92.4414877,21,USW00013963,LITTLE ROCK,34.72727,-92.2358,3,91.94,73.04,333,228,1.090551181,1.251968504,82.49,Yes
499,177889937,8/11/2023,34.8926433,-92.6440664,41,USW00013963,LITTLE ROCK,34.72727,-92.2358,5,93.92,75.02,344,239,0.511811024,1.263779528,84.47,Yes
244,184279779,9/21/2023,34.53383333,-93.02948889,21,USW00013963,LITTLE ROCK,34.72727,-92.2358,0,93.02,66.92,339,194,0,0,79.97,No
500,195091482,12/28/2023,34.90526338,-92.55567824,42,USW00013963,LITTLE ROCK,34.72727,-92.2358,0,46.94,31.1,83,-5,0.220472441,1.011811024,39.02,Yes
245,213011566,5/2/2024,34.65398333,-92.94458833,41,USW00013963,LITTLE ROCK,34.72727,-92.2358,56,75.92,64.04,244,178,0,2.311023622,69.98,Yes
683,212888954,5/2/2024,34.88316799,-92.14360594,41,USW00013963,LITTLE ROCK,34.72727,-92.2358,56,75.92,64.04,244,178,0,2.311023622,69.98,Yes
246,214011283,5/6/2024,34.52198833,-93.04728792,42,USW00013963,LITTLE ROCK,34.72727,-92.2358,0,84.92,66.02,294,189,1.728346457,1.948818898,75.47,Yes
391,214491953,5/8/2024,34.65301333,-92.43772167,42,USW00013963,LITTLE ROCK,34.72727,-92.2358,414,84.92,66.02,294,189,0.988188976,1.948818898,75.47,Yes
247,214607069,5/9/2024,34.62043889,-92.83899722,21,USW00013963,LITTLE ROCK,34.72727,-92.2358,0,87.08,66.92,306,194,1.62992126,3.578740157,77,Yes
1009,215128567,5/10/2024,35.28746667,-92.48037833,41,USW00013963,LITTLE ROCK,34.72727,-92.2358,0,80.06,59,267,150,1.62992126,3.358267717,69.53,Yes
684,215819489,5/14/2024,34.83322906,-92.28436279,23,USW00013963,LITTLE ROCK,34.72727,-92.2358,3,80.96,66.02,272,189,0.149606299,1.779527559,73.49,Yes
501,216380508,5/17/2024,34.84296167,-92.52422167,42,USW00013963,LITTLE ROCK,34.72727,-92.2358,0,84.02,66.02,289,189,0.342519685,0.492125984,75.02,Yes
685,216640206,5/18/2024,34.71925205,-92.35819702,43,USW00013963,LITTLE ROCK,34.72727,-92.2358,0,87.08,66.02,306,189,0.330708661,0.492125984,76.55,Yes
686,217526284,5/22/2024,34.73771333,-92.39697167,42,USW00013963,LITTLE ROCK,34.72727,-92.2358,38,84.02,71.06,289,217,0.700787402,1.031496063,77.54,Yes
502,217888921,5/24/2024,34.87023771,-92.65425926,42,USW00013963,LITTLE ROCK,34.72727,-92.2358,478,87.08,66.92,306,194,1.732283465,1.732283465,77,Yes
145,218207911,5/25/2024,34.49674825,-93.21693138,42,USW00013963,LITTLE ROCK,34.72727,-92.2358,53,87.98,66.92,311,194,2.913385827,3.614173228,77.45,Yes
248,218491251,5/26/2024,34.25061953,-93.16500217,41,USW00013963,LITTLE ROCK,34.72727,-92.2358,0,91.94,71.96,333,222,2.972440945,3.822834646,81.95,Yes
249,218491606,5/26/2024,34.25056312,-93.16546374,42,USW00013963,LITTLE ROCK,34.72727,-92.2358,0,91.94,71.96,333,222,2.972440945,3.822834646,81.95,Yes
250,218492109,5/26/2024,34.25090638,-93.1660196,41,USW00013963,LITTLE ROCK,34.72727,-92.2358,0,91.94,71.96,333,222,2.972440945,3.822834646,81.95,Yes
251,218492685,5/26/2024,34.25069667,-93.16650604,41,USW00013963,LITTLE ROCK,34.72727,-92.2358,0,91.94,71.96,333,222,2.972440945,3.822834646,81.95,Yes
252,218492768,5/26/2024,34.25060753,-93.16652508,41,USW00013963,LITTLE ROCK,34.72727,-92.2358,0,91.94,71.96,333,222,2.972440945,3.822834646,81.95,Yes
253,218492952,5/26/2024,34.24974308,-93.16659148,42,USW00013963,LITTLE ROCK,34.72727,-92.2358,0,91.94,71.96,333,222,2.972440945,3.822834646,81.95,Yes
254,218498735,5/26/2024,34.24956978,-93.16543413,43,USW00013963,LITTLE ROCK,34.72727,-92.2358,0,91.94,71.96,333,222,2.972440945,3.822834646,81.95,Yes
255,218535870,5/26/2024,34.25068333,-93.16511111,41,USW00013963,LITTLE ROCK,34.72727,-92.2358,0,91.94,71.96,333,222,2.972440945,3.822834646,81.95,Yes
256,218536792,5/26/2024,34.25047778,-93.16545,42,USW00013963,LITTLE ROCK,34.72727,-92.2358,0,91.94,71.96,333,222,2.972440945,3.822834646,81.95,Yes
392,218446484,5/26/2024,34.58520225,-92.25377717,42,USW00013963,LITTLE ROCK,34.72727,-92.2358,0,91.94,71.96,333,222,2.972440945,3.822834646,81.95,Yes
503,218494051,5/26/2024,35.10579534,-92.5440113,41,USW00013963,LITTLE ROCK,34.72727,-92.2358,0,91.94,71.96,333,222,2.972440945,3.822834646,81.95,Yes
687,218388235,5/26/2024,35.03251383,-92.23426167,43,USW00013963,LITTLE ROCK,34.72727,-92.2358,0,91.94,71.96,333,222,2.972440945,3.822834646,81.95,Yes
1011,218431288,5/26/2024,35.3311866,-92.3828341,42,USW00013963,LITTLE ROCK,34.72727,-92.2358,0,91.94,71.96,333,222,2.972440945,3.822834646,81.95,Yes
257,218815562,5/27/2024,34.43133649,-93.12681173,21,USW00013963,LITTLE ROCK,34.72727,-92.2358,0,91.94,71.06,333,217,2.090551181,3.822834646,81.5,Yes
258,218816031,5/27/2024,34.43708921,-93.04984244,42,USW00013963,LITTLE ROCK,34.72727,-92.2358,0,91.94,71.06,333,217,2.090551181,3.822834646,81.5,Yes
259,218816135,5/27/2024,34.43748324,-93.05067643,42,USW00013963,LITTLE ROCK,34.72727,-92.2358,0,91.94,71.06,333,217,2.090551181,3.822834646,81.5,Yes
260,218816176,5/27/2024,34.43773759,-93.05114256,42,USW00013963,LITTLE ROCK,34.72727,-92.2358,0,91.94,71.06,333,217,2.090551181,3.822834646,81.5,Yes
261,218816574,5/27/2024,34.43760296,-93.05290388,42,USW00013963,LITTLE ROCK,34.72727,-92.2358,0,91.94,71.06,333,217,2.090551181,3.822834646,81.5,Yes
688,218772525,5/27/2024,34.83578833,-92.48174167,90,USW00013963,LITTLE ROCK,34.72727,-92.2358,0,91.94,71.06,333,217,2.090551181,3.822834646,81.5,Yes
689,218775198,5/27/2024,34.9993811,-92.37943188,41,USW00013963,LITTLE ROCK,34.72727,-92.2358,0,91.94,71.06,333,217,2.090551181,3.822834646,81.5,Yes
690,218778616,5/27/2024,34.90112214,-92.29541518,41,USW00013963,LITTLE ROCK,34.72727,-92.2358,0,91.94,71.06,333,217,2.090551181,3.822834646,81.5,Yes
393,218999693,5/28/2024,34.68144167,-92.46372167,21,USW00013963,LITTLE ROCK,34.72727,-92.2358,0,86,66.02,300,189,0.208661417,3.822834646,76.01,Yes
504,218950007,5/28/2024,34.87034768,-92.65420973,42,USW00013963,LITTLE ROCK,34.72727,-92.2358,0,86,66.02,300,189,0.208661417,3.822834646,76.01,Yes
509,220698722,5/28/2024,34.87032818,-92.65462346,42,USW00013963,LITTLE ROCK,34.72727,-92.2358,0,86,66.02,300,189,0.208661417,3.822834646,76.01,Yes
691,218934608,5/28/2024,34.82972167,-92.298125,22,USW00013963,LITTLE ROCK,34.72727,-92.2358,0,86,66.02,300,189,0.208661417,3.822834646,76.01,Yes
692,219007375,5/28/2024,34.82973,-92.298125,22,USW00013963,LITTLE ROCK,34.72727,-92.2358,0,86,66.02,300,189,0.208661417,3.822834646,76.01,Yes
694,219617598,5/30/2024,34.904575,-92.225625,41,USW00013963,LITTLE ROCK,34.72727,-92.2358,0,86,69.08,300,206,0,2.972440945,77.54,Yes
262,219606594,5/31/2024,34.68823242,-92.53694916,81,USW00013963,LITTLE ROCK,34.72727,-92.2358,1374,80.96,69.08,272,206,0,2.090551181,75.02,Yes
693,219584674,5/31/2024,34.76398468,-92.32113647,21,USW00013963,LITTLE ROCK,34.72727,-92.2358,1374,80.96,69.08,272,206,0,2.090551181,75.02,Yes
324,317842281,6/1/2024,34.52502603,-93.03987799,41,USW00013963,LITTLE ROCK,34.72727,-92.2358,15,87.98,69.08,311,206,5.409448819,5.618110236,78.53,Yes
394,219837730,6/1/2024,34.67418914,-92.31931727,21,USW00013963,LITTLE ROCK,34.72727,-92.2358,15,87.98,69.08,311,206,5.409448819,5.618110236,78.53,Yes
395,219861464,6/1/2024,34.56790161,-92.3295517,81,USW00013963,LITTLE ROCK,34.72727,-92.2358,15,87.98,69.08,311,206,5.409448819,5.618110236,78.53,Yes
396,219979086,6/2/2024,34.67276301,-92.48998893,41,USW00013963,LITTLE ROCK,34.72727,-92.2358,0,89.96,71.06,322,217,5.468503937,5.468503937,80.51,Yes
505,220361479,6/2/2024,35.11531,-92.9446397,42,USW00013963,LITTLE ROCK,34.72727,-92.2358,0,89.96,71.06,322,217,5.468503937,5.468503937,80.51,Yes
695,220032602,6/2/2024,34.86740953,-92.12704472,23,USW00013963,LITTLE ROCK,34.72727,-92.2358,0,89.96,71.06,322,217,5.468503937,5.468503937,80.51,Yes
696,220050237,6/2/2024,35.01941184,-92.22228326,41,USW00013963,LITTLE ROCK,34.72727,-92.2358,0,89.96,71.06,322,217,5.468503937,5.468503937,80.51,Yes
697,220254729,6/2/2024,34.69866667,-92.262855,41,USW00013963,LITTLE ROCK,34.72727,-92.2358,0,89.96,71.06,322,217,5.468503937,5.468503937,80.51,Yes
1012,220462972,6/3/2024,35.28749667,-92.48113833,43,USW00013963,LITTLE ROCK,34.72727,-92.2358,183,80.96,68,272,200,5.468503937,5.468503937,74.48,Yes
506,220476434,6/4/2024,35.1281642,-92.58909536,90,USW00013963,LITTLE ROCK,34.72727,-92.2358,0,86,66.02,300,189,0.779527559,6.188976378,76.01,Yes
507,220608294,6/4/2024,35.10772761,-92.54445277,43,USW00013963,LITTLE ROCK,34.72727,-92.2358,0,86,66.02,300,189,0.779527559,6.188976378,76.01,Yes
508,220608429,6/4/2024,35.10772761,-92.54445277,43,USW00013963,LITTLE ROCK,34.72727,-92.2358,0,86,66.02,300,189,0.779527559,6.188976378,76.01,Yes
698,220655177,6/4/2024,34.90403,-92.225105,41,USW00013963,LITTLE ROCK,34.72727,-92.2358,0,86,66.02,300,189,0.779527559,6.188976378,76.01,Yes
510,220801416,6/5/2024,34.73871789,-92.94757427,42,USW00013963,LITTLE ROCK,34.72727,-92.2358,3,84.92,71.06,294,217,0.720472441,6.188976378,77.99,Yes
511,220810635,6/5/2024,34.79089823,-92.82367301,41,USW00013963,LITTLE ROCK,34.72727,-92.2358,3,84.92,71.06,294,217,0.720472441,6.188976378,77.99,Yes
699,220756951,6/5/2024,34.84396333,-92.30011167,41,USW00013963,LITTLE ROCK,34.72727,-92.2358,3,84.92,71.06,294,217,0.720472441,6.188976378,77.99,Yes
512,221172796,6/7/2024,35.1181055,-92.93876667,41,USW00013963,LITTLE ROCK,34.72727,-92.2358,0,89.96,69.98,322,211,0.011811024,6.200787402,79.97,Yes
513,221174295,6/7/2024,35.11821667,-92.93891167,41,USW00013963,LITTLE ROCK,34.72727,-92.2358,0,89.96,69.98,322,211,0.011811024,6.200787402,79.97,Yes
514,221319466,6/7/2024,35.11905,-92.93469167,42,USW00013963,LITTLE ROCK,34.72727,-92.2358,0,89.96,69.98,322,211,0.011811024,6.200787402,79.97,Yes
700,221334227,6/8/2024,34.78844667,-92.37981333,42,USW00013963,LITTLE ROCK,34.72727,-92.2358,0,93.92,71.06,344,217,0.011811024,0.791338583,82.49,Yes
701,221682445,6/9/2024,34.75057321,-92.43360568,22,USW00013963,LITTLE ROCK,34.72727,-92.2358,69,96.08,69.98,356,211,0,0.732283465,83.03,Yes
398,222057569,6/10/2024,34.61176968,-92.44605727,23,USW00013963,LITTLE ROCK,34.72727,-92.2358,0,87.98,66.02,311,189,0.271653543,1.003937008,77,Yes
702,221941910,6/10/2024,34.87499878,-92.40989978,22,USW00013963,LITTLE ROCK,34.72727,-92.2358,0,87.98,66.02,311,189,0.271653543,1.003937008,77,Yes
263,222064999,6/11/2024,34.5073851,-93.0657403,41,USW00013963,LITTLE ROCK,34.72727,-92.2358,0,86,66.02,300,189,0.271653543,0.283464567,76.01,Yes
264,222073275,6/11/2024,34.43623878,-93.0476346,43,USW00013963,LITTLE ROCK,34.72727,-92.2358,0,86,66.02,300,189,0.271653543,0.283464567,76.01,Yes
399,222177475,6/11/2024,34.61944167,-92.330995,81,USW00013963,LITTLE ROCK,34.72727,-92.2358,0,86,66.02,300,189,0.271653543,0.283464567,76.01,Yes
515,222139854,6/11/2024,34.84658333,-92.55763333,41,USW00013963,LITTLE ROCK,34.72727,-92.2358,0,86,66.02,300,189,0.271653543,0.283464567,76.01,Yes
146,222698597,6/12/2024,34.50734,-93.3977102,41,USW00013963,LITTLE ROCK,34.72727,-92.2358,0,87.08,68,306,200,0.271653543,0.283464567,77.54,Yes
703,222313997,6/12/2024,34.97908,-92.35842167,81,USW00013963,LITTLE ROCK,34.72727,-92.2358,0,87.08,68,306,200,0.271653543,0.283464567,77.54,Yes
265,222472534,6/13/2024,34.53350333,-93.09241,43,USW00013963,LITTLE ROCK,34.72727,-92.2358,0,91.04,64.94,328,183,0,0.271653543,77.99,Yes
266,222486150,6/13/2024,34.533205,-93.0921945,41,USW00013963,LITTLE ROCK,34.72727,-92.2358,0,91.04,64.94,328,183,0,0.271653543,77.99,Yes
267,222487619,6/13/2024,34.53177,-93.09282783,41,USW00013963,LITTLE ROCK,34.72727,-92.2358,0,91.04,64.94,328,183,0,0.271653543,77.99,Yes
268,222488460,6/13/2024,34.53549167,-93.09134717,41,USW00013963,LITTLE ROCK,34.72727,-92.2358,0,91.04,64.94,328,183,0,0.271653543,77.99,Yes
269,222535679,6/13/2024,34.53308833,-93.09220833,41,USW00013963,LITTLE ROCK,34.72727,-92.2358,0,91.04,64.94,328,183,0,0.271653543,77.99,Yes
270,222535948,6/13/2024,34.53318,-93.0922305,41,USW00013963,LITTLE ROCK,34.72727,-92.2358,0,91.04,64.94,328,183,0,0.271653543,77.99,Yes
271,222536101,6/13/2024,34.533205,-93.09224717,41,USW00013963,LITTLE ROCK,34.72727,-92.2358,0,91.04,64.94,328,183,0,0.271653543,77.99,Yes
272,222538330,6/13/2024,34.53398,-93.09217783,41,USW00013963,LITTLE ROCK,34.72727,-92.2358,0,91.04,64.94,328,183,0,0.271653543,77.99,Yes
273,222544822,6/13/2024,34.52260971,-93.04725132,42,USW00013963,LITTLE ROCK,34.72727,-92.2358,0,91.04,64.94,328,183,0,0.271653543,77.99,Yes
274,222571236,6/13/2024,34.5346357,-93.0923287,41,USW00013963,LITTLE ROCK,34.72727,-92.2358,0,91.04,64.94,328,183,0,0.271653543,77.99,Yes
275,222571456,6/13/2024,34.5333742,-93.0922529,41,USW00013963,LITTLE ROCK,34.72727,-92.2358,0,91.04,64.94,328,183,0,0.271653543,77.99,Yes
276,222583456,6/13/2024,34.53197167,-93.0927805,41,USW00013963,LITTLE ROCK,34.72727,-92.2358,0,91.04,64.94,328,183,0,0.271653543,77.99,Yes
277,222940896,6/15/2024,34.40766389,-92.7294,21,USW00013963,LITTLE ROCK,34.72727,-92.2358,0,95,75.02,350,239,0,0.271653543,85.01,Yes
279,223644764,6/15/2024,34.51633,-93.04941667,43,USW00013963,LITTLE ROCK,34.72727,-92.2358,0,95,75.02,350,239,0,0.271653543,85.01,Yes
704,222895703,6/15/2024,34.98460128,-92.36075302,41,USW00013963,LITTLE ROCK,34.72727,-92.2358,0,95,75.02,350,239,0,0.271653543,85.01,Yes
278,223478641,6/17/2024,34.6629545,-92.5836032,41,USW00013963,LITTLE ROCK,34.72727,-92.2358,3,86,73.94,300,233,0,0,79.97,No
147,224895134,6/19/2024,34.50897604,-93.39306951,43,USW00013963,LITTLE ROCK,34.72727,-92.2358,0,89.96,73.04,322,228,0.011811024,0.011811024,81.5,Yes
783,365838400,6/19/2024,34.84184167,-92.45442167,41,USW00013963,LITTLE ROCK,34.72727,-92.2358,0,89.96,73.04,322,228,0.011811024,0.011811024,81.5,Yes
705,226542335,7/1/2024,34.83580386,-92.48098261,41,USW00013963,LITTLE ROCK,34.72727,-92.2358,0,89.96,75.02,322,239,0.051181102,0.602362205,82.49,Yes
706,226546052,7/1/2024,34.8354997,-92.48069198,43,USW00013963,LITTLE ROCK,34.72727,-92.2358,0,89.96,75.02,322,239,0.051181102,0.602362205,82.49,Yes
516,227312737,7/5/2024,35.1222393,-92.93277025,43,USW00013963,LITTLE ROCK,34.72727,-92.2358,244,93.02,73.94,339,233,0,0.051181102,83.48,Yes
1017,228919786,7/9/2024,35.28651333,-92.47871333,42,USW00013963,LITTLE ROCK,34.72727,-92.2358,211,86,71.96,300,222,2.618110236,3.578740157,78.98,Yes
542,332038094,7/11/2024,35.11847922,-92.94029955,43,USW00013963,LITTLE ROCK,34.72727,-92.2358,0,91.94,71.96,333,222,3.448818898,4.409448819,81.95,Yes
707,229975396,7/17/2024,34.76705468,-92.40882109,21,USW00013963,LITTLE ROCK,34.72727,-92.2358,112,87.98,75.02,311,239,0,0,81.5,No
709,230784948,7/18/2024,34.76515333,-92.32121333,42,USW00013963,LITTLE ROCK,34.72727,-92.2358,0,87.08,73.04,306,228,0.440944882,0.440944882,80.06,Yes
708,230369900,7/19/2024,34.97483,-92.35743,81,USW00013963,LITTLE ROCK,34.72727,-92.2358,0,87.08,69.98,306,211,0.440944882,0.440944882,78.53,Yes
517,230528878,7/20/2024,34.87137869,-92.6550603,42,USW00013963,LITTLE ROCK,34.72727,-92.2358,0,87.98,68,311,200,0.440944882,0.440944882,77.99,Yes
518,230974694,7/20/2024,34.87094,-92.66086,41,USW00013963,LITTLE ROCK,34.72727,-92.2358,0,87.98,68,311,200,0.440944882,0.440944882,77.99,Yes
710,231659001,7/25/2024,35.09862047,-92.12532732,41,USW00013963,LITTLE ROCK,34.72727,-92.2358,0,86,75.02,300,239,0.090551181,0.090551181,80.51,Yes
711,231660396,7/25/2024,35.09765874,-92.12619255,41,USW00013963,LITTLE ROCK,34.72727,-92.2358,0,86,75.02,300,239,0.090551181,0.090551181,80.51,Yes
712,231662722,7/25/2024,35.09880187,-92.12550269,41,USW00013963,LITTLE ROCK,34.72727,-92.2358,0,86,75.02,300,239,0.090551181,0.090551181,80.51,Yes
1018,231913334,7/25/2024,35.28672571,-92.48228791,42,USW00013963,LITTLE ROCK,34.72727,-92.2358,0,86,75.02,300,239,0.090551181,0.090551181,80.51,Yes
280,231920158,7/26/2024,34.61150833,-93.123725,42,USW00013963,LITTLE ROCK,34.72727,-92.2358,0,84.02,73.94,289,233,0.051181102,0.090551181,78.98,Yes
281,231920626,7/26/2024,34.60773833,-93.1276945,41,USW00013963,LITTLE ROCK,34.72727,-92.2358,0,84.02,73.94,289,233,0.051181102,0.090551181,78.98,Yes
282,231921743,7/26/2024,34.61133,-93.12673883,43,USW00013963,LITTLE ROCK,34.72727,-92.2358,0,84.02,73.94,289,233,0.051181102,0.090551181,78.98,Yes
713,231933626,7/26/2024,34.98287167,-92.14791117,81,USW00013963,LITTLE ROCK,34.72727,-92.2358,0,84.02,73.94,289,233,0.051181102,0.090551181,78.98,Yes
148,232186291,7/27/2024,34.510475,-93.38826111,43,USW00013963,LITTLE ROCK,34.72727,-92.2358,69,84.92,73.04,294,228,0,0.090551181,78.98,Yes
149,232186339,7/27/2024,34.51236944,-93.38539167,42,USW00013963,LITTLE ROCK,34.72727,-92.2358,69,84.92,73.04,294,228,0,0.090551181,78.98,Yes
714,232152369,7/27/2024,35.10133552,-92.12458657,41,USW00013963,LITTLE ROCK,34.72727,-92.2358,69,84.92,73.04,294,228,0,0.090551181,78.98,Yes
715,232334955,7/28/2024,34.86740953,-92.12704472,23,USW00013963,LITTLE ROCK,34.72727,-92.2358,0,89.96,73.94,322,233,0.271653543,0.362204724,81.95,Yes
828,232529677,7/29/2024,34.93506944,-91.24366667,90,USW00013963,LITTLE ROCK,34.72727,-92.2358,0,95,78.08,350,256,0.271653543,0.362204724,86.54,Yes
829,232529756,7/29/2024,34.93562778,-91.24100278,21,USW00013963,LITTLE ROCK,34.72727,-92.2358,0,95,78.08,350,256,0.271653543,0.362204724,86.54,Yes
283,237448056,8/22/2024,34.43394722,-93.04768333,42,USW00013963,LITTLE ROCK,34.72727,-92.2358,0,87.98,62.96,311,172,0,1.460629921,75.47,Yes
716,239232045,9/1/2024,34.75135961,-92.35914307,22,USW00013963,LITTLE ROCK,34.72727,-92.2358,5,93.92,73.94,344,233,0.248031496,0.248031496,83.93,Yes
284,277844573,5/2/2025,34.50469167,-93.09188883,41,USW00013963,LITTLE ROCK,34.72727,-92.2358,135,71.06,60.98,217,161,0.901574803,1.350393701,66.02,Yes
285,277859639,5/2/2025,34.50470833,-93.09189717,41,USW00013963,LITTLE ROCK,34.72727,-92.2358,135,71.06,60.98,217,161,0.901574803,1.350393701,66.02,Yes
753,292778668,5/11/2025,34.84052833,-92.48342167,71,USW00013963,LITTLE ROCK,34.72727,-92.2358,79,73.04,60.08,228,156,0.078740157,1.267716535,66.56,Yes
761,326418627,5/14/2025,35.14295402,-92.40185114,42,USW00013963,LITTLE ROCK,34.72727,-92.2358,0,89.06,71.06,317,217,0.362204724,0.440944882,80.06,Yes
400,281418061,5/15/2025,34.5845894,-92.25321831,42,USW00013963,LITTLE ROCK,34.72727,-92.2358,0,87.08,69.98,306,211,0.051181102,0.440944882,78.53,Yes
286,282220116,5/17/2025,34.28142022,-92.65237693,42,USW00013963,LITTLE ROCK,34.72727,-92.2358,5,87.98,62.06,311,167,0.011811024,0.374015748,75.02,Yes
717,282198192,5/18/2025,34.97919167,-92.35833667,41,USW00013963,LITTLE ROCK,34.72727,-92.2358,198,82.04,64.04,278,178,0.031496063,0.393700787,73.04,Yes
719,283350533,5/19/2025,35.00120556,-92.36441167,41,USW00013963,LITTLE ROCK,34.72727,-92.2358,8,82.94,66.02,283,189,0.811023622,0.862204724,74.48,Yes
724,283989041,5/19/2025,34.99908056,-92.37999722,41,USW00013963,LITTLE ROCK,34.72727,-92.2358,8,82.94,66.02,283,189,0.811023622,0.862204724,74.48,Yes
287,282799791,5/20/2025,34.69482348,-92.61030033,41,USW00013963,LITTLE ROCK,34.72727,-92.2358,302,87.08,62.96,306,172,0.830708661,0.842519685,75.02,Yes
751,292407317,5/21/2025,34.98451167,-92.36553833,41,USW00013963,LITTLE ROCK,34.72727,-92.2358,0,87.98,57.92,311,144,2,2.031496063,72.95,Yes
401,283124146,5/22/2025,34.58607222,-92.25385556,42,USW00013963,LITTLE ROCK,34.72727,-92.2358,0,84.92,62.06,294,167,1.220472441,2.031496063,73.49,Yes
519,283201446,5/22/2025,34.87015455,-92.65449466,42,USW00013963,LITTLE ROCK,34.72727,-92.2358,0,84.92,62.06,294,167,1.220472441,2.031496063,73.49,Yes
520,283258859,5/22/2025,34.87056667,-92.58916333,41,USW00013963,LITTLE ROCK,34.72727,-92.2358,0,84.92,62.06,294,167,1.220472441,2.031496063,73.49,Yes
718,283282209,5/22/2025,34.84141919,-92.48834989,43,USW00013963,LITTLE ROCK,34.72727,-92.2358,0,84.92,62.06,294,167,1.220472441,2.031496063,73.49,Yes
720,283502255,5/23/2025,34.98638153,-92.3717804,41,USW00013963,LITTLE ROCK,34.72727,-92.2358,0,78.98,62.96,261,172,1.188976378,2.031496063,70.97,Yes
524,285825669,5/24/2025,35.1165801,-92.93901911,43,USW00013963,LITTLE ROCK,34.72727,-92.2358,173,73.04,64.94,228,183,0,2.019685039,68.99,Yes
721,283736093,5/24/2025,34.85165024,-92.18702698,21,USW00013963,LITTLE ROCK,34.72727,-92.2358,173,73.04,64.94,228,183,0,2.019685039,68.99,Yes
722,283968451,5/24/2025,34.7444618,-92.2880157,23,USW00013963,LITTLE ROCK,34.72727,-92.2358,173,73.04,64.94,228,183,0,2.019685039,68.99,Yes
723,283968480,5/24/2025,34.7444618,-92.2880157,23,USW00013963,LITTLE ROCK,34.72727,-92.2358,173,73.04,64.94,228,183,0,2.019685039,68.99,Yes
725,284084258,5/25/2025,34.998695,-92.37342,41,USW00013963,LITTLE ROCK,34.72727,-92.2358,254,80.96,66.02,272,189,0.681102362,2.681102362,73.49,Yes
759,295598102,5/26/2025,34.70478439,-92.25911713,22,USW00013963,LITTLE ROCK,34.72727,-92.2358,147,66.92,60.98,194,161,1.681102362,2.901574803,63.95,Yes
153,286903965,5/28/2025,34.44378333,-93.24765833,21,USW00013963,LITTLE ROCK,34.72727,-92.2358,0,75.92,62.06,244,167,1.649606299,2.330708661,68.99,Yes
726,284816485,5/28/2025,34.8394928,-92.46823883,21,USW00013963,LITTLE ROCK,34.72727,-92.2358,0,75.92,62.06,244,167,1.649606299,2.330708661,68.99,Yes
727,284885374,5/28/2025,34.76341667,-92.32607167,41,USW00013963,LITTLE ROCK,34.72727,-92.2358,0,75.92,62.06,244,167,1.649606299,2.330708661,68.99,Yes
729,285190129,5/28/2025,34.84187833,-92.29408333,41,USW00013963,LITTLE ROCK,34.72727,-92.2358,0,75.92,62.06,244,167,1.649606299,2.330708661,68.99,Yes
730,285190221,5/28/2025,34.8428,-92.29258667,41,USW00013963,LITTLE ROCK,34.72727,-92.2358,0,75.92,62.06,244,167,1.649606299,2.330708661,68.99,Yes
288,285199742,5/29/2025,34.52394104,-93.04068756,41,USW00013963,LITTLE ROCK,34.72727,-92.2358,0,84.02,62.96,289,172,0.649606299,2.330708661,73.49,Yes
289,285201720,5/29/2025,34.52488327,-93.03988647,41,USW00013963,LITTLE ROCK,34.72727,-92.2358,0,84.02,62.96,289,172,0.649606299,2.330708661,73.49,Yes
402,285135591,5/29/2025,34.60635778,-92.41974324,42,USW00013963,LITTLE ROCK,34.72727,-92.2358,0,84.02,62.96,289,172,0.649606299,2.330708661,73.49,Yes
403,285397856,5/29/2025,34.60861667,-92.48505333,41,USW00013963,LITTLE ROCK,34.72727,-92.2358,0,84.02,62.96,289,172,0.649606299,2.330708661,73.49,Yes
521,285135596,5/29/2025,34.7983685,-92.51645138,43,USW00013963,LITTLE ROCK,34.72727,-92.2358,0,84.02,62.96,289,172,0.649606299,2.330708661,73.49,Yes
522,285135603,5/29/2025,34.78307429,-92.57582916,41,USW00013963,LITTLE ROCK,34.72727,-92.2358,0,84.02,62.96,289,172,0.649606299,2.330708661,73.49,Yes
523,285135608,5/29/2025,34.77809758,-92.56603393,41,USW00013963,LITTLE ROCK,34.72727,-92.2358,0,84.02,62.96,289,172,0.649606299,2.330708661,73.49,Yes
728,285128526,5/29/2025,34.78250102,-92.42092837,21,USW00013963,LITTLE ROCK,34.72727,-92.2358,0,84.02,62.96,289,172,0.649606299,2.330708661,73.49,Yes
731,285190762,5/29/2025,34.84288,-92.29813333,42,USW00013963,LITTLE ROCK,34.72727,-92.2358,0,84.02,62.96,289,172,0.649606299,2.330708661,73.49,Yes
732,285238999,5/29/2025,34.73778833,-92.39747,22,USW00013963,LITTLE ROCK,34.72727,-92.2358,0,84.02,62.96,289,172,0.649606299,2.330708661,73.49,Yes
733,285472497,5/30/2025,34.81048667,-92.22492167,22,USW00013963,LITTLE ROCK,34.72727,-92.2358,0,82.04,62.96,278,172,0.070866142,2.330708661,72.5,Yes
291,286101003,6/1/2025,34.55743094,-93.12953037,41,USW00013963,LITTLE ROCK,34.72727,-92.2358,3,84.02,62.06,289,167,0,1.649606299,73.04,Yes
292,286101134,6/1/2025,34.47583605,-93.12105946,21,USW00013963,LITTLE ROCK,34.72727,-92.2358,3,84.02,62.06,289,167,0,1.649606299,73.04,Yes
734,285962066,6/1/2025,34.76489959,-92.32163498,42,USW00013963,LITTLE ROCK,34.72727,-92.2358,3,84.02,62.06,289,167,0,1.649606299,73.04,Yes
747,291518623,6/2/2025,34.84219923,-92.48525005,41,USW00013963,LITTLE ROCK,34.72727,-92.2358,0,86,64.94,300,183,0.011811024,0.661417323,75.47,Yes
404,286854130,6/4/2025,34.60647252,-92.48337243,42,USW00013963,LITTLE ROCK,34.72727,-92.2358,8,87.08,71.96,306,222,0.011811024,0.011811024,79.52,Yes
735,287047104,6/5/2025,34.82263833,-92.21463,22,USW00013963,LITTLE ROCK,34.72727,-92.2358,0,91.04,71.96,328,222,0.031496063,0.043307087,81.5,Yes
736,287165162,6/5/2025,34.84105682,-92.49104309,42,USW00013963,LITTLE ROCK,34.72727,-92.2358,0,91.04,71.96,328,222,0.031496063,0.043307087,81.5,Yes
293,287960446,6/8/2025,34.22749869,-93.11580453,42,USW00013963,LITTLE ROCK,34.72727,-92.2358,0,91.04,71.96,328,222,1.011811024,1.05511811,81.5,Yes
525,287991523,6/8/2025,34.84029007,-92.54130554,41,USW00013963,LITTLE ROCK,34.72727,-92.2358,0,91.04,71.96,328,222,1.011811024,1.05511811,81.5,Yes
526,288001657,6/8/2025,34.84373093,-92.55491638,41,USW00013963,LITTLE ROCK,34.72727,-92.2358,0,91.04,71.96,328,222,1.011811024,1.05511811,81.5,Yes
527,288003146,6/8/2025,34.82239914,-92.5227356,42,USW00013963,LITTLE ROCK,34.72727,-92.2358,0,91.04,71.96,328,222,1.011811024,1.05511811,81.5,Yes
528,288010630,6/8/2025,34.84029007,-92.54130554,41,USW00013963,LITTLE ROCK,34.72727,-92.2358,0,91.04,71.96,328,222,1.011811024,1.05511811,81.5,Yes
737,287845868,6/8/2025,34.97779978,-92.32147574,81,USW00013963,LITTLE ROCK,34.72727,-92.2358,0,91.04,71.96,328,222,1.011811024,1.05511811,81.5,Yes
738,287946912,6/8/2025,34.75931638,-92.3207505,43,USW00013963,LITTLE ROCK,34.72727,-92.2358,0,91.04,71.96,328,222,1.011811024,1.05511811,81.5,Yes
302,289539290,6/9/2025,34.430845,-92.915305,43,USW00013963,LITTLE ROCK,34.72727,-92.2358,0,89.96,71.06,322,217,1.011811024,1.043307087,80.51,Yes
529,288435451,6/9/2025,34.70106389,-92.98596944,21,USW00013963,LITTLE ROCK,34.72727,-92.2358,0,89.96,71.06,322,217,1.011811024,1.043307087,80.51,Yes
294,288730225,6/10/2025,34.52559667,-93.03941383,41,USW00013963,LITTLE ROCK,34.72727,-92.2358,0,91.04,64.94,328,183,1.011811024,1.043307087,77.99,Yes
739,288543788,6/10/2025,34.97488833,-92.35739167,81,USW00013963,LITTLE ROCK,34.72727,-92.2358,0,91.04,64.94,328,183,1.011811024,1.043307087,77.99,Yes
740,288600401,6/10/2025,34.80178833,-92.32817833,41,USW00013963,LITTLE ROCK,34.72727,-92.2358,0,91.04,64.94,328,183,1.011811024,1.043307087,77.99,Yes
295,288831959,6/11/2025,34.53874791,-93.08056969,42,USW00013963,LITTLE ROCK,34.72727,-92.2358,0,87.98,69.08,311,206,0,1.043307087,78.53,Yes
296,288985166,6/11/2025,34.5209137,-93.0502127,42,USW00013963,LITTLE ROCK,34.72727,-92.2358,0,87.98,69.08,311,206,0,1.043307087,78.53,Yes
297,288993975,6/11/2025,34.53118434,-93.0941613,41,USW00013963,LITTLE ROCK,34.72727,-92.2358,0,87.98,69.08,311,206,0,1.043307087,78.53,Yes
298,289171949,6/11/2025,34.52948,-93.0619184,21,USW00013963,LITTLE ROCK,34.72727,-92.2358,0,87.98,69.08,311,206,0,1.043307087,78.53,Yes
299,289173787,6/11/2025,34.52948,-93.0619184,21,USW00013963,LITTLE ROCK,34.72727,-92.2358,0,87.98,69.08,311,206,0,1.043307087,78.53,Yes
300,289262913,6/11/2025,34.53248,-93.09238617,41,USW00013963,LITTLE ROCK,34.72727,-92.2358,0,87.98,69.08,311,206,0,1.043307087,78.53,Yes
1027,288966703,6/11/2025,35.29816438,-92.32647208,11,USW00013963,LITTLE ROCK,34.72727,-92.2358,0,87.98,69.08,311,206,0,1.043307087,78.53,Yes
301,289321584,6/12/2025,34.68259033,-92.58516133,24,USW00013963,LITTLE ROCK,34.72727,-92.2358,262,77,69.98,250,211,0,1.011811024,73.49,Yes
320,297410452,6/12/2025,34.4287378,-92.9226486,71,USW00013963,LITTLE ROCK,34.72727,-92.2358,262,77,69.98,250,211,0,1.011811024,73.49,Yes
741,289154897,6/12/2025,34.82263833,-92.21473,22,USW00013963,LITTLE ROCK,34.72727,-92.2358,262,77,69.98,250,211,0,1.011811024,73.49,Yes
318,291574959,6/13/2025,34.42703833,-92.91526167,42,USW00013963,LITTLE ROCK,34.72727,-92.2358,36,86,71.96,300,222,1.031496063,2.043307087,78.98,Yes
321,297432224,6/13/2025,34.618696,-93.1772925,31,USW00013963,LITTLE ROCK,34.72727,-92.2358,36,86,71.96,300,222,1.031496063,2.043307087,78.98,Yes
750,292076228,6/13/2025,34.84330833,-92.47978333,43,USW00013963,LITTLE ROCK,34.72727,-92.2358,36,86,71.96,300,222,1.031496063,2.043307087,78.98,Yes
303,289696254,6/14/2025,34.67029537,-92.54746361,41,USW00013963,LITTLE ROCK,34.72727,-92.2358,58,89.96,71.06,322,217,1.173228346,2.18503937,80.51,Yes
305,290051712,6/14/2025,34.69407,-92.609955,41,USW00013963,LITTLE ROCK,34.72727,-92.2358,58,89.96,71.06,322,217,1.173228346,2.18503937,80.51,Yes
306,290051751,6/14/2025,34.69409339,-92.60963594,41,USW00013963,LITTLE ROCK,34.72727,-92.2358,58,89.96,71.06,322,217,1.173228346,2.18503937,80.51,Yes
530,289604121,6/14/2025,34.94676167,-92.55661167,42,USW00013963,LITTLE ROCK,34.72727,-92.2358,58,89.96,71.06,322,217,1.173228346,2.18503937,80.51,Yes
304,290009032,6/15/2025,34.69403946,-92.60923868,41,USW00013963,LITTLE ROCK,34.72727,-92.2358,0,89.96,68,322,200,1.401574803,1.401574803,78.98,Yes
531,289953824,6/15/2025,34.850197,-92.5620541,42,USW00013963,LITTLE ROCK,34.72727,-92.2358,0,89.96,68,322,200,1.401574803,1.401574803,78.98,Yes
532,290052515,6/15/2025,34.83939667,-92.52268,43,USW00013963,LITTLE ROCK,34.72727,-92.2358,0,89.96,68,322,200,1.401574803,1.401574803,78.98,Yes
533,290052575,6/15/2025,34.839455,-92.52276667,42,USW00013963,LITTLE ROCK,34.72727,-92.2358,0,89.96,68,322,200,1.401574803,1.401574803,78.98,Yes
534,290053203,6/15/2025,34.843445,-92.51715333,42,USW00013963,LITTLE ROCK,34.72727,-92.2358,0,89.96,68,322,200,1.401574803,1.401574803,78.98,Yes
535,290053505,6/15/2025,34.84312833,-92.51959167,43,USW00013963,LITTLE ROCK,34.72727,-92.2358,0,89.96,68,322,200,1.401574803,1.401574803,78.98,Yes
762,327269463,6/16/2025,34.80439762,-92.2691849,22,USW00013963,LITTLE ROCK,34.72727,-92.2358,0,87.08,73.04,306,228,0.37007874,1.401574803,80.06,Yes
154,290473328,6/17/2025,34.41776667,-93.2574,43,USW00013963,LITTLE ROCK,34.72727,-92.2358,0,93.02,73.04,339,228,0.228346457,1.401574803,83.03,Yes
307,290444201,6/17/2025,34.65872778,-92.51043333,41,USW00013963,LITTLE ROCK,34.72727,-92.2358,0,93.02,73.04,339,228,0.228346457,1.401574803,83.03,Yes
308,290495366,6/17/2025,34.47327815,-93.16615687,41,USW00013963,LITTLE ROCK,34.72727,-92.2358,0,93.02,73.04,339,228,0.228346457,1.401574803,83.03,Yes
309,290495454,6/17/2025,34.47334923,-93.16607271,41,USW00013963,LITTLE ROCK,34.72727,-92.2358,0,93.02,73.04,339,228,0.228346457,1.401574803,83.03,Yes
359,374173905,6/17/2025,34.65867761,-92.51020432,41,USW00013963,LITTLE ROCK,34.72727,-92.2358,0,93.02,73.04,339,228,0.228346457,1.401574803,83.03,Yes
742,290488644,6/17/2025,34.83565554,-92.47717493,42,USW00013963,LITTLE ROCK,34.72727,-92.2358,0,93.02,73.04,339,228,0.228346457,1.401574803,83.03,Yes
743,290490064,6/17/2025,34.83580833,-92.47767,42,USW00013963,LITTLE ROCK,34.72727,-92.2358,0,93.02,73.04,339,228,0.228346457,1.401574803,83.03,Yes
310,290786699,6/18/2025,34.44171143,-92.95836639,43,USW00013963,LITTLE ROCK,34.72727,-92.2358,58,89.06,69.98,317,211,0,1.401574803,79.52,Yes
407,290785500,6/18/2025,34.61225071,-92.47808243,22,USW00013963,LITTLE ROCK,34.72727,-92.2358,58,89.06,69.98,317,211,0,1.401574803,79.52,Yes
311,290958381,6/19/2025,34.66015556,-92.94093333,41,USW00013963,LITTLE ROCK,34.72727,-92.2358,0,91.94,75.92,333,244,0.228346457,1.62992126,83.93,Yes
312,290968898,6/19/2025,34.58064085,-93.0584212,52,USW00013963,LITTLE ROCK,34.72727,-92.2358,0,91.94,75.92,333,244,0.228346457,1.62992126,83.93,Yes
313,291069051,6/19/2025,34.5161592,-93.0500933,43,USW00013963,LITTLE ROCK,34.72727,-92.2358,0,91.94,75.92,333,244,0.228346457,1.62992126,83.93,Yes
544,351460027,6/19/2025,35.0779,-92.83235833,43,USW00013963,LITTLE ROCK,34.72727,-92.2358,0,91.94,75.92,333,244,0.228346457,1.62992126,83.93,Yes
744,291065024,6/19/2025,34.998978,-92.064706,41,USW00013963,LITTLE ROCK,34.72727,-92.2358,0,91.94,75.92,333,244,0.228346457,1.62992126,83.93,Yes
745,291199115,6/19/2025,34.99971397,-92.06467897,41,USW00013963,LITTLE ROCK,34.72727,-92.2358,0,91.94,75.92,333,244,0.228346457,1.62992126,83.93,Yes
748,291906049,6/19/2025,34.8432,-92.47991167,43,USW00013963,LITTLE ROCK,34.72727,-92.2358,0,91.94,75.92,333,244,0.228346457,1.62992126,83.93,Yes
749,291906297,6/19/2025,34.83692167,-92.48726667,42,USW00013963,LITTLE ROCK,34.72727,-92.2358,0,91.94,75.92,333,244,0.228346457,1.62992126,83.93,Yes
966,290948457,6/19/2025,35.29388428,-92.98592377,81,USW00013963,LITTLE ROCK,34.72727,-92.2358,0,91.94,75.92,333,244,0.228346457,1.62992126,83.93,Yes
967,290981384,6/19/2025,35.29394531,-92.98593903,81,USW00013963,LITTLE ROCK,34.72727,-92.2358,0,91.94,75.92,333,244,0.228346457,1.62992126,83.93,Yes
314,291210525,6/20/2025,34.67567778,-92.97336389,42,USW00013963,LITTLE ROCK,34.72727,-92.2358,0,93.92,73.04,344,228,0.228346457,0.598425197,83.48,Yes
315,291211351,6/20/2025,34.675625,-92.97554722,21,USW00013963,LITTLE ROCK,34.72727,-92.2358,0,93.92,73.04,344,228,0.228346457,0.598425197,83.48,Yes
316,291363568,6/20/2025,34.52586167,-93.0389945,41,USW00013963,LITTLE ROCK,34.72727,-92.2358,0,93.92,73.04,344,228,0.228346457,0.598425197,83.48,Yes
317,291363648,6/20/2025,34.43850333,-93.047675,43,USW00013963,LITTLE ROCK,34.72727,-92.2358,0,93.92,73.04,344,228,0.228346457,0.598425197,83.48,Yes
536,291550868,6/20/2025,34.90647833,-92.55107833,43,USW00013963,LITTLE ROCK,34.72727,-92.2358,0,93.92,73.04,344,228,0.228346457,0.598425197,83.48,Yes
537,291552439,6/20/2025,34.906155,-92.55224667,43,USW00013963,LITTLE ROCK,34.72727,-92.2358,0,93.92,73.04,344,228,0.228346457,0.598425197,83.48,Yes
746,291332836,6/20/2025,34.9557436,-92.1806985,41,USW00013963,LITTLE ROCK,34.72727,-92.2358,0,93.92,73.04,344,228,0.228346457,0.598425197,83.48,Yes
319,293108225,6/21/2025,34.62594167,-92.89609167,41,USW00013963,LITTLE ROCK,34.72727,-92.2358,0,93.02,77,339,250,0.228346457,0.456692913,85.01,Yes
755,293362789,6/21/2025,34.80195641,-92.31751174,42,USW00013963,LITTLE ROCK,34.72727,-92.2358,0,93.02,77,339,250,0.228346457,0.456692913,85.01,Yes
752,292502939,6/22/2025,34.94274832,-92.39192024,90,USW00013963,LITTLE ROCK,34.72727,-92.2358,0,95,75.92,350,244,0,0.228346457,85.46,Yes
758,294509969,6/23/2025,34.87173333,-92.48068833,41,USW00013963,LITTLE ROCK,34.72727,-92.2358,0,93.92,75.92,344,244,0,0.228346457,84.92,Yes
754,293017082,6/26/2025,34.80203,-92.31362833,42,USW00013963,LITTLE ROCK,34.72727,-92.2358,0,96.98,75.02,361,239,0.019685039,0.019685039,86,Yes
756,293845732,6/27/2025,34.83737167,-92.48366667,43,USW00013963,LITTLE ROCK,34.72727,-92.2358,0,95,75.92,350,244,0.019685039,0.019685039,85.46,Yes
757,294199926,6/30/2025,35.03979111,-92.04537201,81,USW00013963,LITTLE ROCK,34.72727,-92.2358,234,93.92,73.94,344,233,0,0.019685039,83.93,Yes
538,295433964,7/4/2025,34.77249444,-92.76670278,21,USW00013963,LITTLE ROCK,34.72727,-92.2358,0,91.94,75.02,333,239,0,0.921259843,83.48,Yes
1031,295897085,7/6/2025,35.28751167,-92.48126167,41,USW00013963,LITTLE ROCK,34.72727,-92.2358,0,98.06,77,367,250,0,0.921259843,87.53,Yes
1032,295897313,7/6/2025,35.28729167,-92.48045333,41,USW00013963,LITTLE ROCK,34.72727,-92.2358,0,98.06,77,367,250,0,0.921259843,87.53,Yes
1033,295898318,7/6/2025,35.286455,-92.478805,42,USW00013963,LITTLE ROCK,34.72727,-92.2358,0,98.06,77,367,250,0,0.921259843,87.53,Yes
156,296688863,7/9/2025,34.668928,-93.33466797,41,USW00013963,LITTLE ROCK,34.72727,-92.2358,0,89.96,71.96,322,222,0.468503937,0.468503937,80.96,Yes
764,331744485,7/12/2025,34.87958908,-92.1464386,23,USW00013963,LITTLE ROCK,34.72727,-92.2358,0,93.92,73.94,344,233,0.011811024,0.480314961,83.93,Yes
1035,298536716,7/16/2025,35.28779167,-92.48166667,43,USW00013963,LITTLE ROCK,34.72727,-92.2358,0,95,75.92,350,244,1.228346457,1.24015748,85.46,Yes
322,299563019,7/20/2025,34.65416111,-92.94509722,41,USW00013963,LITTLE ROCK,34.72727,-92.2358,0,96.98,78.08,361,256,0,1.228346457,87.53,Yes
323,299563937,7/20/2025,34.65374722,-92.94135278,41,USW00013963,LITTLE ROCK,34.72727,-92.2358,0,96.98,78.08,361,256,0,1.228346457,87.53,Yes
539,318603100,10/3/2025,35.1550837,-92.95963704,81,USW00013963,LITTLE ROCK,34.72727,-92.2358,0,84.92,62.96,294,172,0,0,73.94,No
540,318643582,10/4/2025,35.1257223,-92.9189999,42,USW00013963,LITTLE ROCK,34.72727,-92.2358,0,84.02,60.08,289,156,0,0,72.05,No
543,342348006,10/5/2025,35.1018541,-92.9450024,41,USW00013963,LITTLE ROCK,34.72727,-92.2358,0,86,60.98,300,161,0,0,73.49,No
541,319812952,10/8/2025,35.12171117,-92.93084667,42,USW00013963,LITTLE ROCK,34.72727,-92.2358,0,78.98,62.96,261,172,0.019685039,0.019685039,70.97,Yes
765,338133838,11/26/2025,34.75763774,-92.41254249,41,USW00013963,LITTLE ROCK,34.72727,-92.2358,0,57.02,41,139,50,1.311023622,2.330708661,49.01,Yes
766,338133857,11/26/2025,34.75764891,-92.41252377,21,USW00013963,LITTLE ROCK,34.72727,-92.2358,0,57.02,41,139,50,1.311023622,2.330708661,49.01,Yes
763,329417334,11/28/2025,34.75945333,-92.318305,43,USW00013963,LITTLE ROCK,34.72727,-92.2358,0,57.02,32,139,0,0.161417323,1.440944882,44.51,Yes
325,354984680,4/26/2026,34.60276163,-92.92762035,81,USW00013963,LITTLE ROCK,34.72727,-92.2358,64,80.96,60.08,272,156,1.519685039,1.551181102,70.52,Yes
768,355576737,4/27/2026,35.00058056,-92.36531167,41,USW00013963,LITTLE ROCK,34.72727,-92.2358,0,84.92,69.98,294,211,1.771653543,1.803149606,77.45,Yes
769,357634385,5/2/2026,34.992805,-92.378625,41,USW00013963,LITTLE ROCK,34.72727,-92.2358,0,75.02,48.02,239,89,0,0.543307087,61.52,Yes
1037,358123251,5/2/2026,35.2848947,-92.28498588,11,USW00013963,LITTLE ROCK,34.72727,-92.2358,0,75.02,48.02,239,89,0,0.543307087,61.52,Yes
1038,360090575,5/9/2026,35.289795,-92.28417167,41,USW00013963,LITTLE ROCK,34.72727,-92.2358,0,82.04,57.02,278,139,1.87007874,1.921259843,69.53,Yes
326,360620436,5/11/2026,34.25277759,-93.14349528,42,USW00013963,LITTLE ROCK,34.72727,-92.2358,0,75.92,55.94,244,133,1.279527559,3.200787402,65.93,Yes
770,360690552,5/11/2026,34.93607167,-92.40976667,41,USW00013963,LITTLE ROCK,34.72727,-92.2358,0,75.92,55.94,244,133,1.279527559,3.200787402,65.93,Yes
771,360693780,5/11/2026,34.93747,-92.40915,41,USW00013963,LITTLE ROCK,34.72727,-92.2358,0,75.92,55.94,244,133,1.279527559,3.200787402,65.93,Yes
772,361074046,5/12/2026,34.91163603,-92.32205258,43,USW00013963,LITTLE ROCK,34.72727,-92.2358,0,78.08,51.08,256,106,1.279527559,3.200787402,64.58,Yes
545,362679429,5/15/2026,34.75653333,-92.707925,41,USW00013963,LITTLE ROCK,34.72727,-92.2358,0,91.04,60.08,328,156,0,1.279527559,75.56,Yes
773,361837087,5/15/2026,34.99278667,-92.378595,41,USW00013963,LITTLE ROCK,34.72727,-92.2358,0,91.04,60.08,328,156,0,1.279527559,75.56,Yes
546,362764738,5/17/2026,34.92125372,-93.15261338,41,USW00013963,LITTLE ROCK,34.72727,-92.2358,0,87.08,66.92,306,194,0,1.279527559,77,Yes
774,363065131,5/19/2026,34.85331345,-92.18307495,41,USW00013963,LITTLE ROCK,34.72727,-92.2358,43,84.02,66.92,289,194,0,0,75.47,No
817,376821036,5/20/2026,34.76113298,-92.36108614,22,USW00013963,LITTLE ROCK,34.72727,-92.2358,0,78.98,66.02,261,189,0.169291339,0.169291339,72.5,Yes
327,363704101,5/21/2026,34.30022,-93.12789167,41,USW00013963,LITTLE ROCK,34.72727,-92.2358,0,78.98,64.94,261,183,0.169291339,0.169291339,71.96,Yes
547,363669209,5/21/2026,34.86631558,-92.57054979,41,USW00013963,LITTLE ROCK,34.72727,-92.2358,0,78.98,64.94,261,183,0.169291339,0.169291339,71.96,Yes
775,363663090,5/21/2026,34.75972711,-92.32155116,41,USW00013963,LITTLE ROCK,34.72727,-92.2358,0,78.98,64.94,261,183,0.169291339,0.169291339,71.96,Yes
776,364136766,5/21/2026,34.7601016,-92.3220504,41,USW00013963,LITTLE ROCK,34.72727,-92.2358,0,78.98,64.94,261,183,0.169291339,0.169291339,71.96,Yes
163,364508183,5/23/2026,34.61851905,-93.22733195,42,USW00013963,LITTLE ROCK,34.72727,-92.2358,15,73.94,64.04,233,178,0.208661417,0.377952756,68.99,Yes
328,365275896,5/24/2026,34.51769167,-93.09030283,43,USW00013963,LITTLE ROCK,34.72727,-92.2358,10,82.94,68,283,200,0.267716535,0.437007874,75.47,Yes
329,365280489,5/24/2026,34.51082167,-93.067725,43,USW00013963,LITTLE ROCK,34.72727,-92.2358,10,82.94,68,283,200,0.267716535,0.437007874,75.47,Yes
331,366083863,5/24/2026,34.5095696,-93.0518846,24,USW00013963,LITTLE ROCK,34.72727,-92.2358,10,82.94,68,283,200,0.267716535,0.437007874,75.47,Yes
332,366095477,5/24/2026,34.5095696,-93.0518846,24,USW00013963,LITTLE ROCK,34.72727,-92.2358,10,82.94,68,283,200,0.267716535,0.437007874,75.47,Yes
333,366096163,5/24/2026,34.5095696,-93.0518846,24,USW00013963,LITTLE ROCK,34.72727,-92.2358,10,82.94,68,283,200,0.267716535,0.437007874,75.47,Yes
334,366096242,5/24/2026,34.5095696,-93.0518846,24,USW00013963,LITTLE ROCK,34.72727,-92.2358,10,82.94,68,283,200,0.267716535,0.437007874,75.47,Yes
777,364712863,5/24/2026,34.84336469,-92.46422108,42,USW00013963,LITTLE ROCK,34.72727,-92.2358,10,82.94,68,283,200,0.267716535,0.437007874,75.47,Yes
778,364744255,5/24/2026,34.84176979,-92.46771732,43,USW00013963,LITTLE ROCK,34.72727,-92.2358,10,82.94,68,283,200,0.267716535,0.437007874,75.47,Yes
779,364779750,5/24/2026,34.78330903,-92.25013825,23,USW00013963,LITTLE ROCK,34.72727,-92.2358,10,82.94,68,283,200,0.267716535,0.437007874,75.47,Yes
780,364779987,5/24/2026,34.78329278,-92.25013629,23,USW00013963,LITTLE ROCK,34.72727,-92.2358,10,82.94,68,283,200,0.267716535,0.437007874,75.47,Yes
548,365285691,5/25/2026,34.758195,-92.71479167,43,USW00013963,LITTLE ROCK,34.72727,-92.2358,3,82.04,66.92,278,194,0.307086614,0.476377953,74.48,Yes
551,368791798,5/25/2026,34.75713667,-92.71044167,41,USW00013963,LITTLE ROCK,34.72727,-92.2358,3,82.04,66.92,278,194,0.307086614,0.476377953,74.48,Yes
818,388459604,5/25/2026,35.17084817,-91.83183342,82,USW00013963,LITTLE ROCK,34.72727,-92.2358,3,82.04,66.92,278,194,0.307086614,0.476377953,74.48,Yes
819,388459757,5/25/2026,35.18615943,-91.83183342,42,USW00013963,LITTLE ROCK,34.72727,-92.2358,3,82.04,66.92,278,194,0.307086614,0.476377953,74.48,Yes
330,365425170,5/26/2026,34.63275278,-92.89086111,41,USW00013963,LITTLE ROCK,34.72727,-92.2358,28,84.02,69.08,289,206,0.11023622,0.488188976,76.55,Yes
781,365811828,5/27/2026,34.79195023,-92.41822815,22,USW00013963,LITTLE ROCK,34.72727,-92.2358,422,84.02,66.02,289,189,0.161417323,0.429133858,75.02,Yes
782,365812148,5/27/2026,34.79196167,-92.4182663,22,USW00013963,LITTLE ROCK,34.72727,-92.2358,422,84.02,66.02,289,189,0.161417323,0.429133858,75.02,Yes
786,366884548,5/27/2026,34.78137532,-92.3811385,22,USW00013963,LITTLE ROCK,34.72727,-92.2358,422,84.02,66.02,289,189,0.161417323,0.429133858,75.02,Yes
1044,369557020,5/29/2026,35.29038667,-92.275375,41,USW00013963,LITTLE ROCK,34.72727,-92.2358,13,86,71.06,300,217,3.87007874,4.188976378,78.53,Yes
335,366812854,5/30/2026,34.43795,-92.92371333,41,USW00013963,LITTLE ROCK,34.72727,-92.2358,140,89.06,69.08,317,206,3.811023622,4.031496063,79.07,Yes
336,366813595,5/30/2026,34.43795,-92.92371333,41,USW00013963,LITTLE ROCK,34.72727,-92.2358,140,89.06,69.08,317,206,3.811023622,4.031496063,79.07,Yes
337,367283957,5/30/2026,34.65946969,-92.76951512,42,USW00013963,LITTLE ROCK,34.72727,-92.2358,140,89.06,69.08,317,206,3.811023622,4.031496063,79.07,Yes
550,366877933,5/30/2026,34.802345,-92.59051333,21,USW00013963,LITTLE ROCK,34.72727,-92.2358,140,89.06,69.08,317,206,3.811023622,4.031496063,79.07,Yes
784,366869659,5/30/2026,34.84153,-92.46251667,43,USW00013963,LITTLE ROCK,34.72727,-92.2358,140,89.06,69.08,317,206,3.811023622,4.031496063,79.07,Yes
785,366871652,5/30/2026,34.839345,-92.45137833,42,USW00013963,LITTLE ROCK,34.72727,-92.2358,140,89.06,69.08,317,206,3.811023622,4.031496063,79.07,Yes
788,367574472,5/30/2026,34.70341656,-92.25769494,41,USW00013963,LITTLE ROCK,34.72727,-92.2358,140,89.06,69.08,317,206,3.811023622,4.031496063,79.07,Yes
794,368529107,5/30/2026,34.70086313,-92.2593912,41,USW00013963,LITTLE ROCK,34.72727,-92.2358,140,89.06,69.08,317,206,3.811023622,4.031496063,79.07,Yes
808,371810717,5/30/2026,34.76653349,-92.34159725,21,USW00013963,LITTLE ROCK,34.72727,-92.2358,140,89.06,69.08,317,206,3.811023622,4.031496063,79.07,Yes
822,395147399,5/30/2026,34.75140556,-92.42259444,22,USW00013963,LITTLE ROCK,34.72727,-92.2358,140,89.06,69.08,317,206,3.811023622,4.031496063,79.07,Yes
559,372015780,5/31/2026,35.12179626,-92.93074591,42,USW00013963,LITTLE ROCK,34.72727,-92.2358,5,93.02,71.06,339,217,2.700787402,4.523622047,82.04,Yes
787,367018378,5/31/2026,34.93913889,-92.407925,41,USW00013963,LITTLE ROCK,34.72727,-92.2358,5,93.02,71.06,339,217,2.700787402,4.523622047,82.04,Yes
338,367438750,6/1/2026,34.66472778,-92.93971944,42,USW00013963,LITTLE ROCK,34.72727,-92.2358,81,93.92,69.98,344,211,0.622047244,4.503937008,81.95,Yes
789,367731841,6/2/2026,35.094076,-91.945858,21,USW00013963,LITTLE ROCK,34.72727,-92.2358,0,87.08,71.06,306,217,0.88976378,4.811023622,79.07,Yes
790,367864117,6/2/2026,34.74792491,-92.35727474,22,USW00013963,LITTLE ROCK,34.72727,-92.2358,0,87.08,71.06,306,217,0.88976378,4.811023622,79.07,Yes
791,367906658,6/2/2026,35.107272,-91.95196597,22,USW00013963,LITTLE ROCK,34.72727,-92.2358,0,87.08,71.06,306,217,0.88976378,4.811023622,79.07,Yes
340,368354312,6/3/2026,34.5450751,-93.0553237,41,USW00013963,LITTLE ROCK,34.72727,-92.2358,0,84.92,66.92,294,194,0.338582677,4.700787402,75.92,Yes
366,375906850,6/3/2026,34.42824167,-92.91629667,42,USW00013963,LITTLE ROCK,34.72727,-92.2358,0,84.92,66.92,294,194,0.338582677,4.700787402,75.92,Yes
792,368172178,6/3/2026,34.75296667,-92.34573333,22,USW00013963,LITTLE ROCK,34.72727,-92.2358,0,84.92,66.92,294,194,0.338582677,4.700787402,75.92,Yes
793,368342495,6/4/2026,34.75964527,-92.31884655,41,USW00013963,LITTLE ROCK,34.72727,-92.2358,3,82.94,69.98,283,211,0.318897638,3.039370079,76.46,Yes
796,368760751,6/4/2026,34.934144,-92.40270097,21,USW00013963,LITTLE ROCK,34.72727,-92.2358,3,82.94,69.98,283,211,0.318897638,3.039370079,76.46,Yes
341,368682727,6/5/2026,34.65518611,-93.00726944,41,USW00013963,LITTLE ROCK,34.72727,-92.2358,0,86,68,300,200,0.011811024,0.952755906,77,Yes
558,370758425,6/5/2026,35.11163333,-92.946005,42,USW00013963,LITTLE ROCK,34.72727,-92.2358,0,86,68,300,200,0.011811024,0.952755906,77,Yes
795,368740946,6/5/2026,34.76675333,-92.36566167,21,USW00013963,LITTLE ROCK,34.72727,-92.2358,0,86,68,300,200,0.011811024,0.952755906,77,Yes
169,369051587,6/6/2026,34.53109992,-93.33476677,43,USW00013963,LITTLE ROCK,34.72727,-92.2358,5,87.98,71.06,311,217,0.011811024,0.901574803,79.52,Yes
797,368962742,6/6/2026,34.95836167,-92.15144717,41,USW00013963,LITTLE ROCK,34.72727,-92.2358,5,87.98,71.06,311,217,0.011811024,0.901574803,79.52,Yes
798,369022665,6/6/2026,34.80783833,-92.21620333,22,USW00013963,LITTLE ROCK,34.72727,-92.2358,5,87.98,71.06,311,217,0.011811024,0.901574803,79.52,Yes
799,369023020,6/6/2026,34.80785833,-92.21618667,22,USW00013963,LITTLE ROCK,34.72727,-92.2358,5,87.98,71.06,311,217,0.011811024,0.901574803,79.52,Yes
800,369116525,6/6/2026,34.78329826,-92.25009251,23,USW00013963,LITTLE ROCK,34.72727,-92.2358,5,87.98,71.06,311,217,0.011811024,0.901574803,79.52,Yes
552,369528161,6/7/2026,35.12073612,-92.9305723,42,USW00013963,LITTLE ROCK,34.72727,-92.2358,185,91.94,71.96,333,222,0.031496063,0.37007874,81.95,Yes
342,370407987,6/8/2026,34.43038667,-92.91822833,43,USW00013963,LITTLE ROCK,34.72727,-92.2358,69,87.98,69.98,311,211,0.748031496,1.078740157,78.98,Yes
553,369832315,6/8/2026,35.12184167,-92.93078611,42,USW00013963,LITTLE ROCK,34.72727,-92.2358,69,87.98,69.98,311,211,0.748031496,1.078740157,78.98,Yes
554,369838473,6/8/2026,35.12891388,-92.89039612,22,USW00013963,LITTLE ROCK,34.72727,-92.2358,69,87.98,69.98,311,211,0.748031496,1.078740157,78.98,Yes
555,370027242,6/9/2026,35.11593617,-92.94342,43,USW00013963,LITTLE ROCK,34.72727,-92.2358,0,93.02,75.92,339,244,1.019685039,1.031496063,84.47,Yes
556,370027309,6/9/2026,35.11576117,-92.94352833,43,USW00013963,LITTLE ROCK,34.72727,-92.2358,0,93.02,75.92,339,244,1.019685039,1.031496063,84.47,Yes
557,370027342,6/9/2026,34.90499785,-92.56526479,42,USW00013963,LITTLE ROCK,34.72727,-92.2358,0,93.02,75.92,339,244,1.019685039,1.031496063,84.47,Yes
801,370206356,6/9/2026,34.78087833,-92.29199167,22,USW00013963,LITTLE ROCK,34.72727,-92.2358,0,93.02,75.92,339,244,1.019685039,1.031496063,84.47,Yes
802,370369022,6/10/2026,34.75914942,-92.34995045,21,USW00013963,LITTLE ROCK,34.72727,-92.2358,0,93.02,75.02,339,239,1,1.031496063,84.02,Yes
806,371775870,6/10/2026,34.75905225,-92.34957784,22,USW00013963,LITTLE ROCK,34.72727,-92.2358,0,93.02,75.02,339,239,1,1.031496063,84.02,Yes
343,370626326,6/11/2026,34.62572222,-92.92365278,21,USW00013963,LITTLE ROCK,34.72727,-92.2358,0,93.02,77,339,250,0.271653543,1.031496063,85.01,Yes
805,371438772,6/11/2026,34.89475782,-92.26103404,41,USW00013963,LITTLE ROCK,34.72727,-92.2358,0,93.02,77,339,250,0.271653543,1.031496063,85.01,Yes
832,372030718,6/11/2026,34.85161656,-91.48744857,90,USW00013963,LITTLE ROCK,34.72727,-92.2358,0,93.02,77,339,250,0.271653543,1.031496063,85.01,Yes
803,371010205,6/12/2026,34.83785552,-92.49663111,22,USW00013963,LITTLE ROCK,34.72727,-92.2358,56,91.04,73.04,328,228,0,1.019685039,82.04,Yes
804,371426906,6/13/2026,34.78058912,-92.38708552,22,USW00013963,LITTLE ROCK,34.72727,-92.2358,0,93.92,71.96,344,222,0.220472441,1.24015748,82.94,Yes
344,371667787,6/14/2026,34.66482752,-92.89992306,21,USW00013963,LITTLE ROCK,34.72727,-92.2358,66,82.94,69.98,283,211,0.220472441,1.220472441,76.46,Yes
345,371685304,6/14/2026,34.48080969,-92.74749124,43,USW00013963,LITTLE ROCK,34.72727,-92.2358,66,82.94,69.98,283,211,0.220472441,1.220472441,76.46,Yes
346,371762823,6/14/2026,34.4813813,-92.748273,21,USW00013963,LITTLE ROCK,34.72727,-92.2358,66,82.94,69.98,283,211,0.220472441,1.220472441,76.46,Yes
347,371780998,6/14/2026,34.42713667,-93.0666195,42,USW00013963,LITTLE ROCK,34.72727,-92.2358,66,82.94,69.98,283,211,0.220472441,1.220472441,76.46,Yes
562,376385725,6/14/2026,35.11581158,-92.9445774,42,USW00013963,LITTLE ROCK,34.72727,-92.2358,66,82.94,69.98,283,211,0.220472441,1.220472441,76.46,Yes
807,371777602,6/14/2026,34.98677403,-92.09557967,81,USW00013963,LITTLE ROCK,34.72727,-92.2358,66,82.94,69.98,283,211,0.220472441,1.220472441,76.46,Yes
411,372155807,6/15/2026,34.69824667,-92.380375,22,USW00013963,LITTLE ROCK,34.72727,-92.2358,0,84.02,68,289,200,0.480314961,0.751968504,76.01,Yes
821,390305916,6/15/2026,34.73030833,-92.27103333,22,USW00013963,LITTLE ROCK,34.72727,-92.2358,0,84.02,68,289,200,0.480314961,0.751968504,76.01,Yes
348,372454345,6/16/2026,34.59395616,-93.04143992,41,USW00013963,LITTLE ROCK,34.72727,-92.2358,0,87.98,68,311,200,0.25984252,0.480314961,77.99,Yes
349,372636622,6/17/2026,34.65435833,-92.85294444,42,USW00013963,LITTLE ROCK,34.72727,-92.2358,0,91.94,69.98,333,211,0.25984252,0.480314961,80.96,Yes
350,372637043,6/17/2026,34.66140278,-92.85352222,52,USW00013963,LITTLE ROCK,34.72727,-92.2358,0,91.94,69.98,333,211,0.25984252,0.480314961,80.96,Yes
351,372659048,6/17/2026,34.53874791,-93.08056969,42,USW00013963,LITTLE ROCK,34.72727,-92.2358,0,91.94,69.98,333,211,0.25984252,0.480314961,80.96,Yes
352,372659122,6/17/2026,34.53474667,-93.0925055,41,USW00013963,LITTLE ROCK,34.72727,-92.2358,0,91.94,69.98,333,211,0.25984252,0.480314961,80.96,Yes
353,372659454,6/17/2026,34.53226167,-93.09235283,41,USW00013963,LITTLE ROCK,34.72727,-92.2358,0,91.94,69.98,333,211,0.25984252,0.480314961,80.96,Yes
354,372729653,6/17/2026,34.53874791,-93.08056969,42,USW00013963,LITTLE ROCK,34.72727,-92.2358,0,91.94,69.98,333,211,0.25984252,0.480314961,80.96,Yes
355,372829336,6/17/2026,34.53226167,-93.09235283,41,USW00013963,LITTLE ROCK,34.72727,-92.2358,0,91.94,69.98,333,211,0.25984252,0.480314961,80.96,Yes
356,372949889,6/18/2026,34.52451667,-93.03867217,41,USW00013963,LITTLE ROCK,34.72727,-92.2358,36,91.04,71.96,328,222,0,0.480314961,81.5,Yes
357,372977005,6/18/2026,34.665725,-92.93505278,41,USW00013963,LITTLE ROCK,34.72727,-92.2358,36,91.04,71.96,328,222,0,0.480314961,81.5,Yes
363,374454826,6/19/2026,34.244525,-93.165925,42,USW00013963,LITTLE ROCK,34.72727,-92.2358,3,80.06,71.96,267,222,0.141732283,0.622047244,76.01,Yes
809,373393678,6/19/2026,34.77430454,-92.38712942,22,USW00013963,LITTLE ROCK,34.72727,-92.2358,3,80.06,71.96,267,222,0.141732283,0.622047244,76.01,Yes
1049,373458015,6/19/2026,35.29129167,-92.27957833,41,USW00013963,LITTLE ROCK,34.72727,-92.2358,3,80.06,71.96,267,222,0.141732283,0.622047244,76.01,Yes
560,373978764,6/20/2026,34.764725,-92.71486667,41,USW00013963,LITTLE ROCK,34.72727,-92.2358,0,89.06,69.98,317,211,0.153543307,0.413385827,79.52,Yes
810,373598912,6/20/2026,34.93755833,-92.409675,41,USW00013963,LITTLE ROCK,34.72727,-92.2358,0,89.06,69.98,317,211,0.153543307,0.413385827,79.52,Yes
358,374068227,6/21/2026,34.45115047,-93.14959802,81,USW00013963,LITTLE ROCK,34.72727,-92.2358,0,89.96,73.94,322,233,0.153543307,0.413385827,81.95,Yes
360,374363457,6/21/2026,34.45926944,-92.98547778,42,USW00013963,LITTLE ROCK,34.72727,-92.2358,0,89.96,73.94,322,233,0.153543307,0.413385827,81.95,Yes
412,376666330,6/21/2026,34.58071592,-92.34881293,21,USW00013963,LITTLE ROCK,34.72727,-92.2358,0,89.96,73.94,322,233,0.153543307,0.413385827,81.95,Yes
811,373941917,6/21/2026,34.9556376,-92.1809351,41,USW00013963,LITTLE ROCK,34.72727,-92.2358,0,89.96,73.94,322,233,0.153543307,0.413385827,81.95,Yes
812,374441354,6/21/2026,34.83792167,-92.49637,43,USW00013963,LITTLE ROCK,34.72727,-92.2358,0,89.96,73.94,322,233,0.153543307,0.413385827,81.95,Yes
361,374404839,6/22/2026,34.4718715,-93.0785845,43,USW00013963,LITTLE ROCK,34.72727,-92.2358,25,87.08,71.06,306,217,0.011811024,0.153543307,79.07,Yes
362,374404970,6/22/2026,34.4719356,-93.0785673,43,USW00013963,LITTLE ROCK,34.72727,-92.2358,25,87.08,71.06,306,217,0.011811024,0.153543307,79.07,Yes
561,375724346,6/22/2026,35.1204945,-92.93567,41,USW00013963,LITTLE ROCK,34.72727,-92.2358,25,87.08,71.06,306,217,0.011811024,0.153543307,79.07,Yes
364,374746300,6/23/2026,34.45062,-93.14920833,81,USW00013963,LITTLE ROCK,34.72727,-92.2358,0,80.96,69.08,272,206,0.098425197,0.251968504,75.02,Yes
365,374755351,6/23/2026,34.44473843,-93.13348951,43,USW00013963,LITTLE ROCK,34.72727,-92.2358,0,80.96,69.08,272,206,0.098425197,0.251968504,75.02,Yes
813,374668847,6/23/2026,34.98737717,-92.02041626,41,USW00013963,LITTLE ROCK,34.72727,-92.2358,0,80.96,69.08,272,206,0.098425197,0.251968504,75.02,Yes
814,374673567,6/23/2026,34.98797226,-92.02320862,41,USW00013963,LITTLE ROCK,34.72727,-92.2358,0,80.96,69.08,272,206,0.098425197,0.251968504,75.02,Yes
815,374950220,6/24/2026,34.87149667,-92.480225,43,USW00013963,LITTLE ROCK,34.72727,-92.2358,3,86,73.04,300,228,0.098425197,0.251968504,79.52,Yes
816,375070195,6/24/2026,34.822595,-92.21460833,22,USW00013963,LITTLE ROCK,34.72727,-92.2358,3,86,73.04,300,228,0.098425197,0.251968504,79.52,Yes
367,376585921,6/29/2026,34.52325,-93.04408883,43,USW00013963,LITTLE ROCK,34.72727,-92.2358,0,95,77,350,250,0,0.11023622,86,Yes
1054,377138314,7/1/2026,35.36202824,-92.460823,41,USW00013963,LITTLE ROCK,34.72727,-92.2358,3,96.98,75.92,361,244,0,0.011811024,86.45,Yes
368,379894248,7/9/2026,34.42547167,-92.911575,43,USW00013963,LITTLE ROCK,34.72727,-92.2358,0,96.98,73.04,361,228,0.748031496,1.358267717,85.01,Yes
833,381484901,7/14/2026,34.83498264,-91.50772123,90,USW00013963,LITTLE ROCK,34.72727,-92.2358,25,91.94,73.04,333,228,0.149606299,0.149606299,82.49,Yes
369,382643633,7/18/2026,34.65420699,-92.94511825,43,USW00013963,LITTLE ROCK,34.72727,-92.2358,0,96.98,75.92,361,244,0.779527559,1.027559055,86.45,Yes
413,16726744,9/13/2018,34.26232353,-91.28619516,43,USW00093988,PINE BLUFF,34.17981,-91.93444,0,89.06,66.92,317,194,0.082677165,7.673228346,77.99,Yes
52,28724463,7/7/2019,33.37108889,-91.19496944,90,USW00093988,PINE BLUFF,34.17981,-91.93444,0,87.98,73.04,311,228,0.393700787,0.393700787,80.51,Yes
77,51822714,7/3/2020,34.0367201,-92.59062369,22,USW00093988,PINE BLUFF,34.17981,-91.93444,8,89.96,71.96,322,222,1.440944882,1.992125984,80.96,Yes
78,51831263,7/3/2020,34.05202768,-92.59752851,22,USW00093988,PINE BLUFF,34.17981,-91.93444,8,89.96,71.96,322,222,1.440944882,1.992125984,80.96,Yes
824,83580650,6/11/2021,34.86905,-91.29914667,90,USW00093988,PINE BLUFF,34.17981,-91.93444,0,91.04,73.94,328,233,3.606299213,6.334645669,82.49,Yes
418,84699589,6/27/2021,34.367916,-91.12907781,90,USW00093988,PINE BLUFF,34.17981,-91.93444,0,93.02,75.92,339,244,0.039370079,0.208661417,84.47,Yes
414,88319834,7/23/2021,34.29566574,-91.29556274,82,USW00093988,PINE BLUFF,34.17981,-91.93444,0,95,75.92,350,244,0.188976378,0.433070866,85.46,Yes
85,88614257,7/25/2021,33.97581976,-92.04181932,71,USW00093988,PINE BLUFF,34.17981,-91.93444,0,98.06,77,367,250,0,0.401574803,87.53,Yes
415,101471034,10/21/2021,34.28928945,-91.33701912,22,USW00093988,PINE BLUFF,34.17981,-91.93444,0,84.02,57.92,289,144,0,1.850393701,70.97,Yes
825,121671723,6/12/2022,34.89736332,-91.17185354,82,USW00093988,PINE BLUFF,34.17981,-91.93444,0,95,73.94,350,233,0.421259843,1.633858268,84.47,Yes
416,147371872,8/19/2022,34.29148611,-91.614975,90,USW00093988,PINE BLUFF,34.17981,-91.93444,0,91.94,68,333,200,0.24015748,0.24015748,79.97,Yes
86,163204205,5/22/2023,33.80456543,-92.45597839,42,USW00093988,PINE BLUFF,34.17981,-91.93444,0,84.02,60.08,289,156,0.118110236,0.346456693,72.05,Yes
54,196965961,7/8/2023,33.40089167,-91.56360556,90,USW00093988,PINE BLUFF,34.17981,-91.93444,3,89.06,75.02,317,239,0.090551181,0.649606299,82.04,Yes
87,190366047,7/8/2023,34.03815,-92.491881,42,USW00093988,PINE BLUFF,34.17981,-91.93444,3,89.06,75.02,317,239,0.090551181,0.649606299,82.04,Yes
53,173508795,7/17/2023,33.56901934,-91.64879602,42,USW00093988,PINE BLUFF,34.17981,-91.93444,0,95,73.04,350,228,0.669291339,0.787401575,84.02,Yes
89,219852716,6/1/2024,33.91989167,-91.77606167,90,USW00093988,PINE BLUFF,34.17981,-91.93444,112,87.08,71.06,306,217,0.570866142,0.862204724,79.07,Yes
397,221655889,6/9/2024,34.27492802,-92.36367427,22,USW00093988,PINE BLUFF,34.17981,-91.93444,0,93.92,71.96,344,222,0,1.661417323,82.94,Yes
830,232604164,7/29/2024,34.84195,-91.28286389,90,USW00093988,PINE BLUFF,34.17981,-91.93444,0,93.92,77,344,250,0.271653543,1.181102362,85.46,Yes
405,290183206,6/16/2025,34.32588196,-92.27907562,42,USW00093988,PINE BLUFF,34.17981,-91.93444,20,87.98,71.96,311,222,0,2.271653543,79.97,Yes
406,290277922,6/16/2025,34.400353,-92.14580597,41,USW00093988,PINE BLUFF,34.17981,-91.93444,20,87.98,71.96,311,222,0,2.271653543,79.97,Yes
831,290800089,6/16/2025,34.74249859,-91.41376352,43,USW00093988,PINE BLUFF,34.17981,-91.93444,20,87.98,71.96,311,222,0,2.271653543,79.97,Yes
408,290902220,6/18/2025,34.40008397,-92.145971,41,USW00093988,PINE BLUFF,34.17981,-91.93444,94,89.06,75.02,317,239,0.137795276,0.728346457,82.04,Yes
90,292489334,6/24/2025,33.67454626,-91.75814671,90,USW00093988,PINE BLUFF,34.17981,-91.93444,0,95,75.02,350,239,0,1.712598425,85.01,Yes
417,297417979,7/12/2025,34.29497147,-91.29281616,82,USW00093988,PINE BLUFF,34.17981,-91.93444,8,93.02,73.04,339,228,0,1.169291339,83.03,Yes
409,310831645,7/29/2025,34.18656992,-92.49849512,90,USW00093988,PINE BLUFF,34.17981,-91.93444,0,102.02,80.96,389,272,0.011811024,0.011811024,91.49,Yes
50,360789262,5/11/2026,33.578861,-91.986206,42,USW00093988,PINE BLUFF,34.17981,-91.93444,0,78.08,57.02,256,139,0,0.570866142,67.55,Yes
57,369312698,5/29/2026,33.33472578,-91.57281011,90,USW00093988,PINE BLUFF,34.17981,-91.93444,0,84.92,71.96,294,222,0.980314961,3.031496063,78.44,Yes
88,367170537,5/30/2026,33.97585278,-92.041725,42,USW00093988,PINE BLUFF,34.17981,-91.93444,0,87.98,69.98,311,211,0.980314961,2.011811024,78.98,Yes
51,369734737,6/2/2026,33.579955,-91.98384667,42,USW00093988,PINE BLUFF,34.17981,-91.93444,0,89.06,71.06,317,217,1.161417323,2.141732283,80.06,Yes
56,367799107,6/2/2026,33.34075602,-91.56519071,90,USW00093988,PINE BLUFF,34.17981,-91.93444,0,89.06,71.06,317,217,1.161417323,2.141732283,80.06,Yes
410,370159367,6/9/2026,34.22643833,-92.424645,42,USW00093988,PINE BLUFF,34.17981,-91.93444,0,91.04,73.94,328,233,0.330708661,0.330708661,82.49,Yes
91,370533545,6/10/2026,33.63245333,-91.82408,22,USW00093988,PINE BLUFF,34.17981,-91.93444,0,91.04,73.04,328,228,0.330708661,0.330708661,82.04,Yes
92,370533656,6/10/2026,33.63237833,-91.82440833,22,USW00093988,PINE BLUFF,34.17981,-91.93444,0,91.04,73.04,328,228,0.330708661,0.330708661,82.04,Yes
419,370484397,6/10/2026,34.36913215,-91.12326082,43,USW00093988,PINE BLUFF,34.17981,-91.93444,0,91.04,73.04,328,228,0.330708661,0.330708661,82.04,Yes
93,374026263,6/19/2026,33.61802791,-91.8169009,90,USW00093988,PINE BLUFF,34.17981,-91.93444,0,82.04,71.96,278,222,0,0.019685039,77,Yes
94,378884262,6/26/2026,33.60279667,-91.61045833,90,USW00093988,PINE BLUFF,34.17981,-91.93444,0,87.08,73.94,306,233,0.141732283,0.393700787,80.51,Yes
131,26605330,6/8/2019,34.3502,-93.30155833,41,USW00013977,TEXARKANA,33.45606,-93.98777,0,87.98,68,311,200,0.582677165,0.732283465,77.99,Yes
132,28394059,7/7/2019,34.399009,-93.64512264,43,USW00013977,TEXARKANA,33.45606,-93.98777,439,82.04,71.06,278,217,0,0,76.55,No
133,28394231,7/7/2019,34.39910359,-93.64514217,43,USW00013977,TEXARKANA,33.45606,-93.98777,439,82.04,71.06,278,217,0,0,76.55,No
68,47013675,5/23/2020,33.89885483,-93.37220293,42,USW00013977,TEXARKANA,33.45606,-93.98777,99,80.96,64.94,272,183,0.059055118,1.641732283,72.95,Yes
95,53276066,7/15/2020,34.43522,-93.8736,43,USW00013977,TEXARKANA,33.45606,-93.98777,0,93.02,77,339,250,0,0,85.01,No
99,72641284,9/11/2020,34.35745401,-93.90632495,41,USW00013977,TEXARKANA,33.45606,-93.98777,0,87.98,69.08,311,206,0,0,78.53,No
97,59751932,9/13/2020,34.37598174,-93.88203261,41,USW00013977,TEXARKANA,33.45606,-93.98777,0,89.96,71.96,322,222,0,0,80.96,No
98,59752138,9/15/2020,34.36411661,-94.02814125,43,USW00013977,TEXARKANA,33.45606,-93.98777,0,89.06,68,317,200,0,0,78.53,No
1,60677897,9/24/2020,33.32181667,-93.85831333,81,USW00013977,TEXARKANA,33.45606,-93.98777,0,73.04,62.06,228,167,4.133858268,4.133858268,67.55,Yes
58,82309019,6/9/2021,34.01583355,-94.37439177,43,USW00013977,TEXARKANA,33.45606,-93.98777,0,93.92,77,344,250,1.24015748,1.901574803,85.46,Yes
141,82603226,6/9/2021,34.415094,-93.37065497,42,USW00013977,TEXARKANA,33.45606,-93.98777,0,93.92,77,344,250,1.24015748,1.901574803,85.46,Yes
2,85560360,7/3/2021,33.38193611,-93.93909722,41,USW00013977,TEXARKANA,33.45606,-93.98777,0,87.08,68,306,200,1.031496063,1.811023622,77.54,Yes
100,87727507,7/13/2021,34.42217255,-93.91954041,41,USW00013977,TEXARKANA,33.45606,-93.98777,0,93.02,71.06,339,217,1.181102362,1.181102362,82.04,Yes
101,89013077,7/17/2021,34.34449108,-93.91684229,42,USW00013977,TEXARKANA,33.45606,-93.98777,0,93.92,75.02,344,239,0,1.181102362,84.47,Yes
20,90280865,8/7/2021,33.12931117,-93.54093833,43,USW00013977,TEXARKANA,33.45606,-93.98777,0,93.92,73.04,344,228,0,0.311023622,83.48,Yes
69,119940357,6/2/2022,34.03531106,-93.66970952,21,USW00013977,TEXARKANA,33.45606,-93.98777,196,80.96,68,272,200,,,74.48,
143,169596528,5/21/2023,34.50726656,-93.60487819,42,USW00013977,TEXARKANA,33.45606,-93.98777,0,73.94,62.06,233,167,1.122047244,2.070866142,68,Yes
3,167852027,6/16/2023,33.30876994,-93.86558366,42,USW00013977,TEXARKANA,33.45606,-93.98777,10,91.04,73.94,328,233,3.858267717,4.118110236,82.49,Yes
59,190365531,7/18/2023,33.831255,-94.18366167,90,USW00013977,TEXARKANA,33.45606,-93.98777,0,100.04,78.98,378,261,0.921259843,1.169291339,89.51,Yes
104,179925348,7/28/2023,34.42081333,-93.91871667,41,USW00013977,TEXARKANA,33.45606,-93.98777,0,102.02,80.96,389,272,0,0,91.49,No
106,216215309,5/14/2024,34.42076167,-93.909325,41,USW00013977,TEXARKANA,33.45606,-93.98777,0,82.94,64.04,283,178,0.464566929,1.003937008,73.49,Yes
64,303916112,5/25/2024,34.04205283,-94.310075,81,USW00013977,TEXARKANA,33.45606,-93.98777,0,93.02,73.04,339,228,1.712598425,1.712598425,83.03,Yes
65,303916768,5/25/2024,34.04198883,-94.310075,81,USW00013977,TEXARKANA,33.45606,-93.98777,0,93.02,73.04,339,228,1.712598425,1.712598425,83.03,Yes
70,219604564,5/31/2024,34.0300445,-93.66583333,43,USW00013977,TEXARKANA,33.45606,-93.98777,10,80.06,69.08,267,206,0.657480315,2.027559055,74.57,Yes
23,220377438,6/3/2024,33.42714667,-93.396575,42,USW00013977,TEXARKANA,33.45606,-93.98777,462,89.06,66.92,317,194,0.511811024,1.169291339,77.99,Yes
60,232262136,6/5/2024,33.67737596,-93.98737527,22,USW00013977,TEXARKANA,33.45606,-93.98777,71,89.06,69.08,317,206,3.220472441,3.61023622,79.07,Yes
115,327206049,6/8/2024,34.42210833,-93.91912222,41,USW00013977,TEXARKANA,33.45606,-93.98777,0,96.98,75.92,361,244,0.279527559,3.511811024,86.45,Yes
25,222546183,6/13/2024,33.45711517,-93.63980865,81,USW00013977,TEXARKANA,33.45606,-93.98777,0,95,66.02,350,189,0,0,80.51,No
71,223891154,6/13/2024,34.0327305,-93.66815333,21,USW00013977,TEXARKANA,33.45606,-93.98777,0,95,66.02,350,189,0,0,80.51,No
66,337611550,7/18/2024,33.83598333,-94.196725,90,USW00013977,TEXARKANA,33.45606,-93.98777,135,89.96,73.04,322,228,0.200787402,0.200787402,81.5,Yes
30,282961885,5/21/2025,33.28012467,-93.44540586,42,USW00013977,TEXARKANA,33.45606,-93.98777,0,91.94,57.02,333,139,0.031496063,0.283464567,74.48,Yes
150,283812775,5/24/2025,34.53407167,-93.47529667,41,USW00013977,TEXARKANA,33.45606,-93.98777,20,84.92,71.06,294,217,0,0.283464567,77.99,Yes
4,289627844,6/14/2025,33.31597028,-93.89611044,90,USW00013977,TEXARKANA,33.45606,-93.98777,8,95,73.04,350,228,2.350393701,3.700787402,84.02,Yes
111,291963580,6/21/2025,34.36958667,-94.03226383,43,USW00013977,TEXARKANA,33.45606,-93.98777,0,96.08,78.08,356,256,0,0.031496063,87.08,Yes
5,292245739,6/23/2025,33.0249744,-93.92724354,42,USW00013977,TEXARKANA,33.45606,-93.98777,0,96.08,77,356,250,0,0,86.54,No
6,292491587,6/23/2025,33.02903964,-93.92685589,90,USW00013977,TEXARKANA,33.45606,-93.98777,0,96.08,77,356,250,0,0,86.54,No
7,292493665,6/24/2025,33.02807971,-93.93044026,42,USW00013977,TEXARKANA,33.45606,-93.98777,43,96.98,75.02,361,239,0,0,86,No
8,292493734,6/24/2025,33.02876146,-93.93285235,43,USW00013977,TEXARKANA,33.45606,-93.98777,43,96.98,75.02,361,239,0,0,86,No
155,292663357,6/25/2025,34.35385556,-93.81408056,43,USW00013977,TEXARKANA,33.45606,-93.98777,0,95,73.04,350,228,0.169291339,0.169291339,84.02,Yes
157,296689375,7/9/2025,34.506646,-93.61048497,43,USW00013977,TEXARKANA,33.45606,-93.98777,0,96.08,71.96,356,222,0.141732283,0.232283465,84.02,Yes
61,298065859,7/14/2025,33.76692822,-94.25274237,43,USW00013977,TEXARKANA,33.45606,-93.98777,0,93.92,71.96,344,222,1.078740157,1.220472441,82.94,Yes
62,299305039,7/19/2025,33.72535602,-94.26063626,52,USW00013977,TEXARKANA,33.45606,-93.98777,0,98.96,78.08,372,256,0,1.078740157,88.52,Yes
63,302646595,7/19/2025,33.6820376,-94.19827179,90,USW00013977,TEXARKANA,33.45606,-93.98777,0,98.96,78.08,372,256,0,1.078740157,88.52,Yes
159,303642282,8/3/2025,34.47205364,-93.66668374,41,USW00013977,TEXARKANA,33.45606,-93.98777,0,93.02,69.08,339,206,1.078740157,1.078740157,81.05,Yes
160,303646499,8/3/2025,34.45046614,-93.67699523,21,USW00013977,TEXARKANA,33.45606,-93.98777,0,93.02,69.08,339,206,1.078740157,1.078740157,81.05,Yes
9,357760748,5/2/2026,33.190044,-94.030029,42,USW00013977,TEXARKANA,33.45606,-93.98777,0,80.96,51.98,272,111,0.220472441,0.220472441,66.47,Yes
116,359992405,5/9/2026,34.35749792,-93.90664003,43,USW00013977,TEXARKANA,33.45606,-93.98777,5,87.08,64.04,306,178,0.070866142,0.070866142,75.56,Yes
164,364891998,5/24/2026,34.50135,-93.54090833,42,USW00013977,TEXARKANA,33.45606,-93.98777,5,89.96,69.98,322,211,0.338582677,1.547244094,79.97,Yes
165,364893752,5/24/2026,34.502255,-93.551405,43,USW00013977,TEXARKANA,33.45606,-93.98777,5,89.96,69.98,322,211,0.338582677,1.547244094,79.97,Yes
166,364893789,5/24/2026,34.50221333,-93.55142167,43,USW00013977,TEXARKANA,33.45606,-93.98777,5,89.96,69.98,322,211,0.338582677,1.547244094,79.97,Yes
167,364937257,5/24/2026,34.50218667,-93.551445,43,USW00013977,TEXARKANA,33.45606,-93.98777,5,89.96,69.98,322,211,0.338582677,1.547244094,79.97,Yes
168,366799547,5/25/2026,34.27795333,-93.30090333,42,USW00013977,TEXARKANA,33.45606,-93.98777,0,91.04,68,328,200,0.299212598,1.566929134,79.52,Yes
127,377482241,5/31/2026,34.37423333,-93.878045,41,USW00013977,TEXARKANA,33.45606,-93.98777,0,98.06,77,367,250,0.051181102,0.74015748,87.53,Yes
175,374308771,6/7/2026,34.4318002,-93.6380681,43,USW00013977,TEXARKANA,33.45606,-93.98777,130,91.04,75.92,328,244,1.118110236,1.118110236,83.48,Yes
72,370197956,6/9/2026,34.03122217,-93.676675,41,USW00013977,TEXARKANA,33.45606,-93.98777,0,95,77,350,250,0.511811024,1.62992126,86,Yes
171,370018350,6/9/2026,34.30812454,-93.35899353,42,USW00013977,TEXARKANA,33.45606,-93.98777,0,95,77,350,250,0.511811024,1.62992126,86,Yes
123,372125751,6/12/2026,34.36453833,-93.90219167,41,USW00013977,TEXARKANA,33.45606,-93.98777,0,84.02,71.96,289,222,0,0.511811024,77.99,Yes
128,389165259,6/14/2026,34.42583157,-93.89230991,41,USW00013977,TEXARKANA,33.45606,-93.98777,25,91.94,71.06,333,217,0,0.511811024,81.5,Yes
173,372382642,6/16/2026,34.2506348,-93.30990006,42,USW00013977,TEXARKANA,33.45606,-93.98777,0,91.04,73.04,328,228,0.157480315,0.157480315,82.04,Yes
31,374600532,6/23/2026,33.4185791,-93.5096054,42,USW00013977,TEXARKANA,33.45606,-93.98777,551,84.92,71.96,294,222,1.377952756,4.019685039,78.44,Yes
10,378035893,6/25/2026,33.41332901,-93.95524241,81,USW00013977,TEXARKANA,33.45606,-93.98777,0,95,73.94,350,233,3.397637795,6.248031496,84.47,Yes
67,378576417,7/4/2026,34.08305867,-94.4509995,43,USW00013977,TEXARKANA,33.45606,-93.98777,36,98.96,75.02,372,239,0,0,86.99,No
1071,13816954,6/26/2018,35.5320255,-90.6846177,43,USW00093991,WALNUT RIDGE,36.12528,-90.92444,25,93.92,69.98,344,211,0.25984252,1.673228346,81.95,Yes
1573,16186970,9/3/2018,35.850732,-90.125617,95,USW00093991,WALNUT RIDGE,36.12528,-90.92444,0,91.04,71.96,328,222,0.011811024,1.271653543,81.5,Yes
1520,17118720,10/1/2018,35.90509667,-90.59707,90,USW00093991,WALNUT RIDGE,36.12528,-90.92444,0,82.94,64.04,283,178,0,,73.49,
1072,17870183,10/26/2018,35.5320255,-90.6846177,43,USW00093991,WALNUT RIDGE,36.12528,-90.92444,3,55.04,46.04,128,78,0.279527559,1.251968504,50.54,Yes
1073,17870274,10/26/2018,35.5320255,-90.6846177,43,USW00093991,WALNUT RIDGE,36.12528,-90.92444,3,55.04,46.04,128,78,0.279527559,1.251968504,50.54,Yes
1521,26994032,6/11/2019,36.03986667,-90.66183333,43,USW00093991,WALNUT RIDGE,36.12528,-90.92444,0,78.98,57.02,261,139,0,1.893700787,68,Yes
1700,28146287,6/12/2019,36.47600416,-90.96823219,41,USW00093991,WALNUT RIDGE,36.12528,-90.92444,3,77,59,250,150,0,1.653543307,68,Yes
1074,27187995,6/17/2019,35.779246,-90.700507,21,USW00093991,WALNUT RIDGE,36.12528,-90.92444,0,80.96,69.08,272,206,0,0.011811024,75.02,Yes
1497,27279164,6/19/2019,36.28624725,-91.27645874,41,USW00093991,WALNUT RIDGE,36.12528,-90.92444,38,89.96,71.06,322,217,0,0.011811024,80.51,Yes
1075,27621015,6/23/2019,35.779246,-90.700507,21,USW00093991,WALNUT RIDGE,36.12528,-90.92444,193,89.06,66.92,317,194,0.161417323,0.311023622,77.99,Yes
1076,27621063,6/23/2019,35.779246,-90.700507,21,USW00093991,WALNUT RIDGE,36.12528,-90.92444,193,89.06,66.92,317,194,0.161417323,0.311023622,77.99,Yes
1077,27621159,6/23/2019,35.779246,-90.700507,21,USW00093991,WALNUT RIDGE,36.12528,-90.92444,193,89.06,66.92,317,194,0.161417323,0.311023622,77.99,Yes
1522,27858659,6/28/2019,35.827567,-90.704329,22,USW00093991,WALNUT RIDGE,36.12528,-90.92444,99,86,69.08,300,206,0.090551181,1.141732283,77.54,Yes
1115,27963335,6/29/2019,35.723362,-90.396556,90,USW00093991,WALNUT RIDGE,36.12528,-90.92444,0,89.96,71.06,322,217,0.480314961,1.37007874,80.51,Yes
1116,27963631,6/29/2019,35.723362,-90.396556,90,USW00093991,WALNUT RIDGE,36.12528,-90.92444,0,89.96,71.06,322,217,0.480314961,1.37007874,80.51,Yes
1117,27965912,6/29/2019,35.723362,-90.396556,90,USW00093991,WALNUT RIDGE,36.12528,-90.92444,0,89.96,71.06,322,217,0.480314961,1.37007874,80.51,Yes
1078,28147646,7/1/2019,35.5320255,-90.6846177,43,USW00093991,WALNUT RIDGE,36.12528,-90.92444,0,91.04,75.02,328,239,,,83.03,
1079,28148411,7/1/2019,35.5320255,-90.6846177,43,USW00093991,WALNUT RIDGE,36.12528,-90.92444,0,91.04,75.02,328,239,,,83.03,
1523,28199981,7/3/2019,36.043478,-90.660729,43,USW00093991,WALNUT RIDGE,36.12528,-90.92444,0,91.94,71.96,333,222,,,81.95,
1524,28200123,7/3/2019,36.043478,-90.660729,43,USW00093991,WALNUT RIDGE,36.12528,-90.92444,0,91.94,71.96,333,222,,,81.95,
1080,28406191,7/6/2019,35.779246,-90.700507,21,USW00093991,WALNUT RIDGE,36.12528,-90.92444,0,91.94,73.04,333,228,0.181102362,,82.49,
1081,28406381,7/6/2019,35.779246,-90.700507,21,USW00093991,WALNUT RIDGE,36.12528,-90.92444,0,91.94,73.04,333,228,0.181102362,,82.49,
1082,28407517,7/6/2019,35.779246,-90.700507,21,USW00093991,WALNUT RIDGE,36.12528,-90.92444,0,91.94,73.04,333,228,0.181102362,,82.49,
1118,28531472,7/7/2019,35.355737,-90.228879,90,USW00093991,WALNUT RIDGE,36.12528,-90.92444,0,93.92,75.02,344,239,0.181102362,,84.47,
1525,28585148,7/8/2019,35.827567,-90.704329,22,USW00093991,WALNUT RIDGE,36.12528,-90.92444,0,91.94,73.94,333,233,0.181102362,0.25984252,82.94,Yes
1701,28611863,7/11/2019,36.41725268,-90.62426479,90,USW00093991,WALNUT RIDGE,36.12528,-90.92444,0,89.06,69.98,317,211,,,79.52,
1083,29085798,7/17/2019,35.805551,-90.759897,41,USW00093991,WALNUT RIDGE,36.12528,-90.92444,0,93.92,73.04,344,228,2.492125984,2.712598425,83.48,Yes
1084,29086438,7/17/2019,35.805551,-90.759897,41,USW00093991,WALNUT RIDGE,36.12528,-90.92444,0,93.92,73.04,344,228,2.492125984,2.712598425,83.48,Yes
1085,29235330,7/20/2019,35.779246,-90.700507,21,USW00093991,WALNUT RIDGE,36.12528,-90.92444,0,93.92,75.92,344,244,0,2.492125984,84.92,Yes
1086,29237903,7/20/2019,35.779246,-90.700507,21,USW00093991,WALNUT RIDGE,36.12528,-90.92444,0,93.92,75.92,344,244,0,2.492125984,84.92,Yes
1087,29238016,7/20/2019,35.779246,-90.700507,21,USW00093991,WALNUT RIDGE,36.12528,-90.92444,0,93.92,75.92,344,244,0,2.492125984,84.92,Yes
1088,32441588,9/8/2019,35.774136,-90.706718,21,USW00093991,WALNUT RIDGE,36.12528,-90.92444,0,87.98,68,311,200,0,0,77.99,No
1089,47107600,5/23/2020,35.76799722,-90.69776111,43,USW00093991,WALNUT RIDGE,36.12528,-90.92444,0,82.04,64.94,278,183,0.811023622,1.562992126,73.49,Yes
1090,49080379,6/9/2020,35.777982,-90.701557,41,USW00093991,WALNUT RIDGE,36.12528,-90.92444,,87.98,73.04,311,228,,,80.51,
1119,51645680,7/1/2020,35.615544,-90.326813,21,USW00093991,WALNUT RIDGE,36.12528,-90.92444,,89.96,71.06,322,217,,,80.51,
834,52055211,7/5/2020,35.1628829,-90.7192778,43,USW00093991,WALNUT RIDGE,36.12528,-90.92444,,91.94,71.96,333,222,,,81.95,
1526,52077204,7/5/2020,36.043365,-90.6639634,21,USW00093991,WALNUT RIDGE,36.12528,-90.92444,,91.94,71.96,333,222,,,81.95,
1091,58201159,8/30/2020,35.532026,-90.684618,43,USW00093991,WALNUT RIDGE,36.12528,-90.92444,30,78.08,69.98,256,211,3.125984252,3.157480315,74.03,Yes
1527,80091547,5/19/2021,36.0419805,-90.65706667,21,USW00093991,WALNUT RIDGE,36.12528,-90.92444,3,75.02,66.02,239,189,0.649606299,0.838582677,70.52,Yes
1092,81882080,6/4/2021,35.773956,-90.701235,43,USW00093991,WALNUT RIDGE,36.12528,-90.92444,0,82.94,62.96,283,172,1.818897638,1.897637795,72.95,Yes
1093,81886166,6/4/2021,35.773956,-90.701235,43,USW00093991,WALNUT RIDGE,36.12528,-90.92444,0,82.94,62.96,283,172,1.818897638,1.897637795,72.95,Yes
1528,82327549,6/7/2021,36.0412,-90.65673833,43,USW00093991,WALNUT RIDGE,36.12528,-90.92444,36,80.06,69.08,267,206,0.401574803,2.220472441,74.57,Yes
1529,83082644,6/12/2021,36.042683,-90.659566,21,USW00093991,WALNUT RIDGE,36.12528,-90.92444,0,93.92,73.04,344,228,0,0.732283465,83.48,Yes
1530,83082697,6/12/2021,36.042683,-90.659566,21,USW00093991,WALNUT RIDGE,36.12528,-90.92444,0,93.92,73.04,344,228,0,0.732283465,83.48,Yes
1531,83114153,6/12/2021,36.042683,-90.659566,21,USW00093991,WALNUT RIDGE,36.12528,-90.92444,0,93.92,73.04,344,228,0,0.732283465,83.48,Yes
1532,83330280,6/12/2021,36.042683,-90.659566,21,USW00093991,WALNUT RIDGE,36.12528,-90.92444,0,93.92,73.04,344,228,0,0.732283465,83.48,Yes
1533,83451520,6/13/2021,35.97294,-90.717255,43,USW00093991,WALNUT RIDGE,36.12528,-90.92444,0,91.94,73.04,333,228,0,0.700787402,82.49,Yes
1534,84644140,6/26/2021,36.04088,-90.665773,43,USW00093991,WALNUT RIDGE,36.12528,-90.92444,0,89.96,75.92,322,244,0,1.311023622,82.94,Yes
1535,91253475,7/1/2021,36.04371383,-90.66629167,43,USW00093991,WALNUT RIDGE,36.12528,-90.92444,89,80.96,73.04,272,228,0,0,77,No
1094,86916059,7/13/2021,35.7838524,-90.70511747,43,USW00093991,WALNUT RIDGE,36.12528,-90.92444,0,87.08,68,306,200,0.531496063,1.732283465,77.54,Yes
1702,87019890,7/14/2021,36.418305,-90.62373333,90,USW00093991,WALNUT RIDGE,36.12528,-90.92444,0,91.04,69.98,328,211,0,1.732283465,80.51,Yes
1703,87281622,7/16/2021,36.417555,-90.62518333,90,USW00093991,WALNUT RIDGE,36.12528,-90.92444,137,84.02,71.06,289,217,0,1.173228346,77.54,Yes
1095,90090364,8/1/2021,35.77739167,-90.69970833,21,USW00093991,WALNUT RIDGE,36.12528,-90.92444,152,80.06,71.96,267,222,0,0,76.01,No
1536,97597914,10/3/2021,36.042683,-90.659566,21,USW00093991,WALNUT RIDGE,36.12528,-90.92444,28,80.96,64.04,272,178,0.811023622,0.811023622,72.5,Yes
1537,119950166,6/2/2022,35.92073552,-90.77434207,43,USW00093991,WALNUT RIDGE,36.12528,-90.92444,0,78.08,62.96,256,172,0.448818898,0.480314961,70.52,Yes
1538,119950304,6/2/2022,35.9212482,-90.77167338,43,USW00093991,WALNUT RIDGE,36.12528,-90.92444,0,78.08,62.96,256,172,0.448818898,0.480314961,70.52,Yes
1539,120979275,6/9/2022,36.03990833,-90.66693889,43,USW00093991,WALNUT RIDGE,36.12528,-90.92444,0,84.02,62.96,289,172,0.88976378,0.88976378,73.49,Yes
1540,122348611,6/12/2022,36.04040908,-90.66643522,43,USW00093991,WALNUT RIDGE,36.12528,-90.92444,0,95,73.94,350,233,0.039370079,0.929133858,84.47,Yes
1541,122349187,6/12/2022,36.04137419,-90.66735839,43,USW00093991,WALNUT RIDGE,36.12528,-90.92444,0,95,73.94,350,233,0.039370079,0.929133858,84.47,Yes
1542,122349466,6/12/2022,36.04245375,-90.66789244,43,USW00093991,WALNUT RIDGE,36.12528,-90.92444,0,95,73.94,350,233,0.039370079,0.929133858,84.47,Yes
835,130860546,8/1/2022,35.15264459,-90.71605394,43,USW00093991,WALNUT RIDGE,36.12528,-90.92444,0,91.94,73.04,333,228,2.578740157,4,82.49,Yes
1543,131436296,8/18/2022,35.9631,-90.57882,43,USW00093991,WALNUT RIDGE,36.12528,-90.92444,0,84.02,64.04,289,178,0.87007874,0.87007874,74.03,Yes
1544,131436321,8/18/2022,35.963275,-90.57859667,43,USW00093991,WALNUT RIDGE,36.12528,-90.92444,0,84.02,64.04,289,178,0.87007874,0.87007874,74.03,Yes
1545,131501617,8/19/2022,35.963105,-90.57849167,43,USW00093991,WALNUT RIDGE,36.12528,-90.92444,0,86,62.96,300,172,0.87007874,0.87007874,74.48,Yes
1546,131770876,8/21/2022,35.88866167,-90.78758833,43,USW00093991,WALNUT RIDGE,36.12528,-90.92444,41,86,69.08,300,206,0,0.87007874,77.54,Yes
1547,131804005,8/21/2022,35.888225,-90.788155,43,USW00093991,WALNUT RIDGE,36.12528,-90.92444,41,86,69.08,300,206,0,0.87007874,77.54,Yes
1576,132485237,8/26/2022,36.06538426,-90.4164511,82,USW00093991,WALNUT RIDGE,36.12528,-90.92444,0,91.04,69.08,328,206,0,0.161417323,80.06,Yes
1577,132485259,8/26/2022,36.19921167,-90.46930667,43,USW00093991,WALNUT RIDGE,36.12528,-90.92444,0,91.04,69.08,328,206,0,0.161417323,80.06,Yes
836,132660661,8/28/2022,35.16209944,-90.71874247,41,USW00093991,WALNUT RIDGE,36.12528,-90.92444,0,91.04,71.96,328,222,0,0.161417323,81.5,Yes
1120,133715180,8/28/2022,35.725197,-90.417119,82,USW00093991,WALNUT RIDGE,36.12528,-90.92444,0,91.04,71.96,328,222,0,0.161417323,81.5,Yes
1548,134292363,9/9/2022,36.16910553,-90.56999969,41,USW00093991,WALNUT RIDGE,36.12528,-90.92444,18,84.92,60.08,294,156,0,0.228346457,72.5,Yes
1096,134623746,9/11/2022,35.78418667,-90.70562833,43,USW00093991,WALNUT RIDGE,36.12528,-90.92444,0,78.08,57.92,256,144,0.070866142,0.070866142,68,Yes
1549,174352624,7/22/2023,35.97293994,-90.71725488,43,USW00093991,WALNUT RIDGE,36.12528,-90.92444,0,86,64.94,300,183,0.181102362,0.838582677,75.47,Yes
1550,174357430,7/22/2023,35.97293994,-90.71725488,43,USW00093991,WALNUT RIDGE,36.12528,-90.92444,0,86,64.94,300,183,0.181102362,0.838582677,75.47,Yes
1097,175401756,7/28/2023,35.76751949,-90.70127332,43,USW00093991,WALNUT RIDGE,36.12528,-90.92444,0,96.08,73.04,356,228,0,0.271653543,84.56,Yes
1704,181230320,8/13/2023,36.404048,-90.711599,95,USW00093991,WALNUT RIDGE,36.12528,-90.92444,61,87.98,71.96,311,222,0.078740157,2.409448819,79.97,Yes
1551,216010688,5/15/2024,35.9857,-90.70993333,43,USW00093991,WALNUT RIDGE,36.12528,-90.92444,0,80.06,60.98,267,161,0.440944882,0.582677165,70.52,Yes
1552,217142074,5/20/2024,36.04599444,-90.66276944,43,USW00093991,WALNUT RIDGE,36.12528,-90.92444,0,87.08,68,306,200,1.279527559,1.720472441,77.54,Yes
1098,218469434,5/24/2024,35.76675333,-90.69805333,41,USW00093991,WALNUT RIDGE,36.12528,-90.92444,0,80.96,71.06,272,217,0.011811024,1.291338583,76.01,Yes
1553,218892222,5/25/2024,36.17970253,-90.50422814,41,USW00093991,WALNUT RIDGE,36.12528,-90.92444,0,82.94,68,283,200,0.011811024,1.031496063,75.47,Yes
1554,218893234,5/25/2024,36.18006327,-90.50304864,41,USW00093991,WALNUT RIDGE,36.12528,-90.92444,0,82.94,68,283,200,0.011811024,1.031496063,75.47,Yes
1555,219085143,5/25/2024,36.18005028,-90.50273918,41,USW00093991,WALNUT RIDGE,36.12528,-90.92444,0,82.94,68,283,200,0.011811024,1.031496063,75.47,Yes
1556,220576478,6/4/2024,35.91040039,-90.79892731,82,USW00093991,WALNUT RIDGE,36.12528,-90.92444,0,86,69.08,300,206,0.720472441,0.75984252,77.54,Yes
1099,224259402,6/21/2024,35.76862,-90.704955,41,USW00093991,WALNUT RIDGE,36.12528,-90.92444,0,91.04,71.06,328,217,0,0.511811024,81.05,Yes
1100,224429674,6/21/2024,35.76862,-90.704955,41,USW00093991,WALNUT RIDGE,36.12528,-90.92444,0,91.04,71.06,328,217,0,0.511811024,81.05,Yes
1101,224430848,6/21/2024,35.76862,-90.704955,41,USW00093991,WALNUT RIDGE,36.12528,-90.92444,0,91.04,71.06,328,217,0,0.511811024,81.05,Yes
1557,229964810,7/17/2024,36.2935987,-90.98685854,41,USW00093991,WALNUT RIDGE,36.12528,-90.92444,79,84.02,71.96,289,222,0.11023622,0.11023622,77.99,Yes
1102,284652375,5/27/2025,35.5303229,-90.6849813,43,USW00093991,WALNUT RIDGE,36.12528,-90.92444,8,69.08,62.06,206,167,2.830708661,3.051181102,65.57,Yes
1103,287367647,6/1/2025,35.5989886,-90.6838589,81,USW00093991,WALNUT RIDGE,36.12528,-90.92444,0,86,62.96,300,172,0.181102362,1.795275591,74.48,Yes
1104,287370979,6/1/2025,35.5989886,-90.6838589,81,USW00093991,WALNUT RIDGE,36.12528,-90.92444,0,86,62.96,300,172,0.181102362,1.795275591,74.48,Yes
1105,287374498,6/1/2025,35.5989886,-90.6838589,81,USW00093991,WALNUT RIDGE,36.12528,-90.92444,0,86,62.96,300,172,0.181102362,1.795275591,74.48,Yes
1513,286445046,6/2/2025,36.31784332,-91.22918815,41,USW00093991,WALNUT RIDGE,36.12528,-90.92444,0,87.98,66.92,311,194,0,0.55511811,77.45,Yes
1560,305702645,6/14/2025,36.02353617,-90.57334167,43,USW00093991,WALNUT RIDGE,36.12528,-90.92444,0,87.08,71.06,306,217,0.850393701,1.5,79.07,Yes
1561,305703041,6/14/2025,36.0234805,-90.57332,43,USW00093991,WALNUT RIDGE,36.12528,-90.92444,0,87.08,71.06,306,217,0.850393701,1.5,79.07,Yes
837,291042083,6/19/2025,35.162249,-90.718818,41,USW00093991,WALNUT RIDGE,36.12528,-90.92444,61,89.06,71.06,317,217,0.590551181,1.779527559,80.06,Yes
1106,291044140,6/19/2025,35.78030777,-90.71935272,43,USW00093991,WALNUT RIDGE,36.12528,-90.92444,61,89.06,71.06,317,217,0.590551181,1.779527559,80.06,Yes
1107,291638488,6/21/2025,35.53059667,-90.68814667,43,USW00093991,WALNUT RIDGE,36.12528,-90.92444,0,93.02,77,339,250,0.25984252,1.169291339,85.01,Yes
1108,291640103,6/21/2025,35.529675,-90.68752167,43,USW00093991,WALNUT RIDGE,36.12528,-90.92444,0,93.02,77,339,250,0.25984252,1.169291339,85.01,Yes
1109,291642164,6/21/2025,35.530545,-90.68882,43,USW00093991,WALNUT RIDGE,36.12528,-90.92444,0,93.02,77,339,250,0.25984252,1.169291339,85.01,Yes
838,292846290,6/23/2025,35.15095833,-90.71965,43,USW00093991,WALNUT RIDGE,36.12528,-90.92444,0,93.92,77,344,250,0,0.830708661,85.46,Yes
839,292846667,6/23/2025,35.14986667,-90.72084667,43,USW00093991,WALNUT RIDGE,36.12528,-90.92444,0,93.92,77,344,250,0,0.830708661,85.46,Yes
840,293218716,6/25/2025,35.1551399,-90.7187949,41,USW00093991,WALNUT RIDGE,36.12528,-90.92444,239,93.02,75.92,339,244,0,0.25984252,84.47,Yes
841,293613127,6/27/2025,35.1498691,-90.7208539,43,USW00093991,WALNUT RIDGE,36.12528,-90.92444,3,93.02,75.02,339,239,0.940944882,0.940944882,84.02,Yes
1121,300627726,7/19/2025,35.717807,-90.423157,82,USW00093991,WALNUT RIDGE,36.12528,-90.92444,0,95,78.08,350,256,0.019685039,0.082677165,86.54,Yes
1122,300627879,7/19/2025,35.717807,-90.423157,82,USW00093991,WALNUT RIDGE,36.12528,-90.92444,0,95,78.08,350,256,0.019685039,0.082677165,86.54,Yes
1558,305702415,7/20/2025,36.02325833,-90.573905,43,USW00093991,WALNUT RIDGE,36.12528,-90.92444,0,93.02,77,339,250,0,0.031496063,85.01,Yes
1559,305702466,7/20/2025,36.02274717,-90.57421167,43,USW00093991,WALNUT RIDGE,36.12528,-90.92444,0,93.02,77,339,250,0,0.031496063,85.01,Yes
1578,365498005,5/25/2026,36.2588501,-90.46245575,41,USW00093991,WALNUT RIDGE,36.12528,-90.92444,20,80.06,64.04,267,178,0.62992126,0.960629921,72.05,Yes
1110,368513850,6/4/2026,35.767375,-90.70366667,41,USW00093991,WALNUT RIDGE,36.12528,-90.92444,0,84.92,66.02,294,189,0,1.74015748,75.47,Yes
1111,368521977,6/4/2026,35.76713667,-90.70308667,43,USW00093991,WALNUT RIDGE,36.12528,-90.92444,0,84.92,66.02,294,189,0,1.74015748,75.47,Yes
1112,368522043,6/4/2026,35.76715,-90.70308,43,USW00093991,WALNUT RIDGE,36.12528,-90.92444,0,84.92,66.02,294,189,0,1.74015748,75.47,Yes
842,369453768,6/6/2026,35.155153,-90.718939,41,USW00093991,WALNUT RIDGE,36.12528,-90.92444,0,87.08,68,306,200,0,0,77.54,No
1562,369856612,6/8/2026,35.85056557,-90.71686026,82,USW00093991,WALNUT RIDGE,36.12528,-90.92444,0,87.98,73.94,311,233,0.031496063,0.031496063,80.96,Yes
1564,374173500,6/14/2026,36.1577195,-91.05906667,43,USW00093991,WALNUT RIDGE,36.12528,-90.92444,25,82.04,66.92,278,194,0.291338583,1.291338583,74.48,Yes
1579,371681801,6/14/2026,36.191075,-90.39026667,81,USW00093991,WALNUT RIDGE,36.12528,-90.92444,25,82.04,66.92,278,194,0.291338583,1.291338583,74.48,Yes
1580,372056593,6/14/2026,36.19102167,-90.39036667,81,USW00093991,WALNUT RIDGE,36.12528,-90.92444,25,82.04,66.92,278,194,0.291338583,1.291338583,74.48,Yes
1563,372148255,6/15/2026,36.02306117,-90.57403667,43,USW00093991,WALNUT RIDGE,36.12528,-90.92444,5,80.96,60.98,272,161,0.38976378,1.358267717,70.97,Yes
1566,375640653,6/21/2026,35.97294,-90.717255,43,USW00093991,WALNUT RIDGE,36.12528,-90.92444,5,87.98,68,311,200,0,0.118110236,77.99,Yes
1565,374670032,6/23/2026,36.234495,-91.02667217,41,USW00093991,WALNUT RIDGE,36.12528,-90.92444,13,80.96,62.06,272,167,0.748031496,0.748031496,71.51,Yes
1113,376023629,6/26/2026,35.774504,-90.707616,43,USW00093991,WALNUT RIDGE,36.12528,-90.92444,137,84.92,73.04,294,228,0.133858268,0.881889764,78.98,Yes
1567,375950364,6/27/2026,36.02287217,-90.57465333,43,USW00093991,WALNUT RIDGE,36.12528,-90.92444,0,87.08,75.92,306,244,0.622047244,1.421259843,81.5,Yes
1568,376086476,6/27/2026,36.02399717,-90.57328833,43,USW00093991,WALNUT RIDGE,36.12528,-90.92444,0,87.08,75.92,306,244,0.622047244,1.421259843,81.5,Yes
1569,376336732,6/28/2026,36.1579737,-91.05923472,43,USW00093991,WALNUT RIDGE,36.12528,-90.92444,0,89.06,73.94,317,233,0.61023622,1.421259843,81.5,Yes
1570,376370442,6/28/2026,36.23401569,-91.02622209,41,USW00093991,WALNUT RIDGE,36.12528,-90.92444,0,89.06,73.94,317,233,0.61023622,1.421259843,81.5,Yes
1571,377433966,7/2/2026,36.15813828,-91.05953979,43,USW00093991,WALNUT RIDGE,36.12528,-90.92444,0,93.92,71.96,344,222,0,0.61023622,82.94,Yes
1572,377434006,7/2/2026,36.15800476,-91.05932617,43,USW00093991,WALNUT RIDGE,36.12528,-90.92444,0,93.92,71.96,344,222,0,0.61023622,82.94,Yes
1114,380858270,7/12/2026,35.79266111,-90.68204167,23,USW00093991,WALNUT RIDGE,36.12528,-90.92444,15,87.08,71.96,306,222,0.862204724,2.102362205,79.52,Yes
16,50122336,8/16/2017,33.21357524,-93.2709833,22,USW00093992,EL DORADO,33.22072,-92.81404,0,93.92,75.92,344,244,1.531496063,1.984251969,84.92,Yes
11,13745019,6/24/2018,33.34576619,-93.18339024,42,USW00093992,EL DORADO,33.22072,-92.81404,0,95,69.98,350,211,0.452755906,1.311023622,82.49,Yes
73,17405545,10/11/2018,34.07748382,-93.10058236,90,USW00093992,EL DORADO,33.22072,-92.81404,0,73.94,50,233,100,1.381889764,1.393700787,61.97,Yes
12,26501415,6/5/2019,33.34653,-93.18298333,42,USW00093992,EL DORADO,33.22072,-92.81404,5,78.98,71.06,261,217,0.460629921,0.669291339,75.02,Yes
13,26506787,6/6/2019,33.3453927,-93.19352545,42,USW00093992,EL DORADO,33.22072,-92.81404,61,84.02,68,289,200,0.480314961,0.688976378,76.01,Yes
14,26608544,6/8/2019,33.34660833,-93.18575333,21,USW00093992,EL DORADO,33.22072,-92.81404,0,87.08,69.08,306,206,0.401574803,0.862204724,78.08,Yes
32,28403621,6/30/2019,33.22820037,-92.65928672,22,USW00093992,EL DORADO,33.22072,-92.81404,18,91.04,69.98,328,211,0.779527559,3.74015748,80.51,Yes
15,47310355,5/25/2020,33.34461546,-93.18296539,42,USW00093992,EL DORADO,33.22072,-92.81404,86,87.08,66.02,306,189,0.251968504,0.251968504,76.55,Yes
33,49485619,6/10/2020,33.26441946,-92.74292739,90,USW00093992,EL DORADO,33.22072,-92.81404,0,82.94,62.96,283,172,2.137795276,2.728346457,72.95,Yes
43,51360889,6/29/2020,33.07651471,-92.1884663,43,USW00093992,EL DORADO,33.22072,-92.81404,3,89.96,75.92,322,244,0.476377953,2.334645669,82.94,Yes
44,51363141,6/29/2020,33.07649983,-92.18672035,90,USW00093992,EL DORADO,33.22072,-92.81404,3,89.96,75.92,322,244,0.476377953,2.334645669,82.94,Yes
204,51490456,6/30/2020,34.15846262,-93.09956297,42,USW00093992,EL DORADO,33.22072,-92.81404,0,91.94,75.92,333,244,0.12992126,0.956692913,83.93,Yes
205,51508641,6/30/2020,34.15667345,-93.09950793,42,USW00093992,EL DORADO,33.22072,-92.81404,0,91.94,75.92,333,244,0.12992126,0.956692913,83.93,Yes
45,52851683,7/10/2020,33.14730878,-92.05745102,42,USW00093992,EL DORADO,33.22072,-92.81404,0,95,75.02,350,239,0.460629921,0.61023622,85.01,Yes
79,53881445,7/18/2020,33.64395105,-93.00637134,42,USW00093992,EL DORADO,33.22072,-92.81404,0,93.92,71.06,344,217,0,0,82.49,No
18,59371818,8/28/2020,33.34531264,-93.18307085,42,USW00093992,EL DORADO,33.22072,-92.81404,0,89.06,71.96,317,222,3.74015748,3.74015748,80.51,Yes
17,59158651,9/10/2020,33.35190137,-93.18268028,41,USW00093992,EL DORADO,33.22072,-92.81404,658,93.02,71.96,339,222,0,0.771653543,82.49,Yes
80,80364547,5/26/2021,34.08605597,-93.17402097,42,USW00093992,EL DORADO,33.22072,-92.81404,282,87.08,64.94,306,183,0.11023622,0.960629921,76.01,Yes
19,81484596,6/3/2021,33.34331198,-93.18873523,21,USW00093992,EL DORADO,33.22072,-92.81404,0,84.92,57.92,294,144,0.149606299,0.669291339,71.42,Yes
81,89930790,7/20/2021,33.69076167,-93.10668883,42,USW00093992,EL DORADO,33.22072,-92.81404,155,87.08,71.06,306,217,3.350393701,3.61023622,79.07,Yes
34,88834997,7/27/2021,33.26270524,-93.10668656,42,USW00093992,EL DORADO,33.22072,-92.81404,0,96.98,73.04,361,228,0.748031496,1.37007874,85.01,Yes
35,117176816,5/15/2022,33.128518,-93.177966,43,USW00093992,EL DORADO,33.22072,-92.81404,0,89.96,66.92,322,194,0,0,78.44,No
46,118431140,5/23/2022,33.14731672,-92.05885861,42,USW00093992,EL DORADO,33.22072,-92.81404,0,71.96,60.08,222,156,2.850393701,2.850393701,66.02,Yes
47,121881702,6/15/2022,33.18237731,-92.20969714,90,USW00093992,EL DORADO,33.22072,-92.81404,0,93.02,71.96,339,222,0,0.968503937,82.49,Yes
48,121940845,6/15/2022,33.14756567,-92.05724055,42,USW00093992,EL DORADO,33.22072,-92.81404,0,93.02,71.96,339,222,0,0.968503937,82.49,Yes
82,202601473,9/10/2022,33.65125542,-92.96756185,90,USW00093992,EL DORADO,33.22072,-92.81404,23,84.02,68,289,200,0.118110236,0.818897638,76.01,Yes
21,167117005,6/12/2023,33.0847876,-93.3135548,21,USW00093992,EL DORADO,33.22072,-92.81404,0,80.96,66.92,272,194,0.118110236,0.169291339,73.94,Yes
22,168513809,6/20/2023,33.34404667,-93.18303,42,USW00093992,EL DORADO,33.22072,-92.81404,0,93.02,71.06,339,217,0.657480315,3.354330709,82.04,Yes
36,169052781,6/23/2023,33.21166031,-92.9343261,42,USW00093992,EL DORADO,33.22072,-92.81404,0,89.96,66.02,322,189,0,0.696850394,77.99,Yes
37,215783450,5/14/2024,33.3450857,-93.17847618,52,USW00093992,EL DORADO,33.22072,-92.81404,46,82.04,60.98,278,161,0.74015748,0.74015748,71.51,Yes
38,217467046,5/21/2024,33.341325,-92.68851333,42,USW00093992,EL DORADO,33.22072,-92.81404,0,87.98,66.02,311,189,0,0.37007874,77,Yes
83,219883778,6/1/2024,33.80319667,-92.62079667,90,USW00093992,EL DORADO,33.22072,-92.81404,0,87.98,68,311,200,0.318897638,0.417322835,77.99,Yes
24,222132267,6/5/2024,33.34963833,-93.18295333,42,USW00093992,EL DORADO,33.22072,-92.81404,25,82.94,66.02,283,189,3.311023622,3.62992126,74.48,Yes
55,220958140,6/6/2024,33.05359444,-91.69113333,90,USW00093992,EL DORADO,33.22072,-92.81404,0,91.94,64.94,333,183,2.830708661,3.728346457,78.44,Yes
49,221111795,6/7/2024,33.09240611,-92.09033238,90,USW00093992,EL DORADO,33.22072,-92.81404,0,91.04,66.92,328,194,0.429133858,3.409448819,78.98,Yes
26,229415713,7/13/2024,33.3512,-93.181778,42,USW00093992,EL DORADO,33.22072,-92.81404,0,91.04,71.06,328,217,0,1.480314961,81.05,Yes
27,229416740,7/13/2024,33.351566,-93.183121,42,USW00093992,EL DORADO,33.22072,-92.81404,0,91.04,71.06,328,217,0,1.480314961,81.05,Yes
28,230162276,7/18/2024,33.35158,-93.18196167,42,USW00093992,EL DORADO,33.22072,-92.81404,3,84.92,69.98,294,211,0.220472441,0.220472441,77.45,Yes
29,230162653,7/18/2024,33.3517,-93.182,42,USW00093992,EL DORADO,33.22072,-92.81404,3,84.92,69.98,294,211,0.220472441,0.220472441,77.45,Yes
39,235232666,8/11/2024,33.26294796,-92.69935259,90,USW00093992,EL DORADO,33.22072,-92.81404,0,91.04,66.02,328,189,0,0,78.53,No
40,284422766,5/26/2025,33.1285176,-93.1779659,43,USW00093992,EL DORADO,33.22072,-92.81404,447,78.08,66.02,256,189,0.602362205,0.811023622,72.05,Yes
41,296514441,7/9/2025,33.18892462,-92.85602324,42,USW00093992,EL DORADO,33.22072,-92.81404,0,91.04,69.08,328,206,0.582677165,0.602362205,80.06,Yes
42,298639090,7/16/2025,33.059925,-93.01520556,42,USW00093992,EL DORADO,33.22072,-92.81404,0,93.02,71.96,339,222,0.692913386,1.283464567,82.49,Yes
339,367948337,5/29/2026,34.18816333,-93.10224167,42,USW00093992,EL DORADO,33.22072,-92.81404,0,87.98,69.08,311,206,1.42519685,2.228346457,78.53,Yes
84,374921755,6/24/2026,33.68928293,-93.11249456,22,USW00093992,EL DORADO,33.22072,-92.81404,13,78.98,69.08,261,206,2.488188976,4.066929134,74.03,Yes
820,390081620,5/31/2017,35.24019722,-91.87599165,43,USC00030458,BATESVILLE,35.8306,-91.7944,,,,,,,,,
823,17073750,9/29/2018,35.20657364,-91.5080132,90,USC00030458,BATESVILLE,35.8306,-91.7944,,,,,,,,,
978,17044577,9/29/2018,35.65613833,-92.45004167,43,USC00030458,BATESVILLE,35.8306,-91.7944,,,,,,,,,
826,195640043,5/10/2019,35.24743779,-91.71647577,22,USC00030458,BATESVILLE,35.8306,-91.7944,,,,,,,,,
952,33284103,9/23/2019,35.69082682,-92.51681314,43,USC00030458,BATESVILLE,35.8306,-91.7944,,,,,,,,,
954,101444927,6/21/2019,35.57499928,-92.59070438,52,USC00030458,BATESVILLE,35.8306,-91.7944,,,,,,,,,
955,126157934,6/25/2019,35.59673376,-92.54369642,71,USC00030458,BATESVILLE,35.8306,-91.7944,,,,,,,,,
956,126158879,6/25/2019,35.51278602,-92.57395236,23,USC00030458,BATESVILLE,35.8306,-91.7944,,,,,,,,,
995,126162402,6/25/2019,35.50022522,-92.42030208,42,USC00030458,BATESVILLE,35.8306,-91.7944,,,,,,,,,
957,126602300,6/26/2019,35.57249057,-92.51916895,41,USC00030458,BATESVILLE,35.8306,-91.7944,,,,,,,,,
996,126599195,6/26/2019,35.56021844,-92.43256518,43,USC00030458,BATESVILLE,35.8306,-91.7944,,,,,,,,,
958,133302554,9/12/2019,35.50686852,-92.50878897,41,USC00030458,BATESVILLE,35.8306,-91.7944,,,,,,,,,
959,133422174,9/14/2019,35.53413383,-92.52015635,41,USC00030458,BATESVILLE,35.8306,-91.7944,,,,,,,,,
969,293821749,6/29/2025,35.70839925,-92.56695245,41,USC00030458,BATESVILLE,35.8306,-91.7944,,,,,,,,,
970,299815527,7/19/2025,35.711155,-92.541175,41,USC00030458,BATESVILLE,35.8306,-91.7944,,,,,,,,,
980,51302869,6/28/2020,35.4808391,-91.87079214,41,USC00030458,BATESVILLE,35.8306,-91.7944,,,,,,,,,
982,52256638,7/7/2020,35.51859485,-91.998928,43,USC00030458,BATESVILLE,35.8306,-91.7944,,,,,,,,,
983,52256891,7/7/2020,35.51860563,-91.99899439,43,USC00030458,BATESVILLE,35.8306,-91.7944,,,,,,,,,
985,82069802,6/7/2021,35.61704667,-92.249755,21,USC00030458,BATESVILLE,35.8306,-91.7944,,,,,,,,,
987,87479683,7/17/2021,35.56270489,-92.11574222,43,USC00030458,BATESVILLE,35.8306,-91.7944,,,,,,,,,
988,89953582,8/1/2021,35.58831396,-92.46554134,42,USC00030458,BATESVILLE,35.8306,-91.7944,,,,,,,,,
989,117511453,5/17/2022,35.49002,-92.1038055,21,USC00030458,BATESVILLE,35.8306,-91.7944,,,,,,,,,
990,119259870,5/29/2022,35.48686218,-92.07395172,41,USC00030458,BATESVILLE,35.8306,-91.7944,,,,,,,,,
993,121335043,6/11/2022,35.65287571,-92.44997522,21,USC00030458,BATESVILLE,35.8306,-91.7944,,,,,,,,,
997,134652804,9/7/2022,35.50085054,-91.83586121,43,USC00030458,BATESVILLE,35.8306,-91.7944,,,,,,,,,
998,134652980,9/7/2022,35.50090133,-91.83559029,43,USC00030458,BATESVILLE,35.8306,-91.7944,,,,,,,,,
999,158164233,7/4/2015,35.50556947,-91.8319702,42,USC00030458,BATESVILLE,35.8306,-91.7944,,,,,,,,,
1010,216677773,5/18/2024,35.513745,-91.98971667,43,USC00030458,BATESVILLE,35.8306,-91.7944,,,,,,,,,
1013,221315822,6/1/2024,35.78472167,-92.184945,41,USC00030458,BATESVILLE,35.8306,-91.7944,,,,,,,,,
1014,221451007,6/8/2024,35.53567286,-91.85496538,42,USC00030458,BATESVILLE,35.8306,-91.7944,,,,,,,,,
1015,223594551,6/18/2024,35.5949922,-92.2811345,21,USC00030458,BATESVILLE,35.8306,-91.7944,,,,,,,,,
1016,228917153,7/12/2024,35.56264778,-92.11575617,43,USC00030458,BATESVILLE,35.8306,-91.7944,,,,,,,,,
1019,232464831,7/28/2024,35.48886333,-92.108025,22,USC00030458,BATESVILLE,35.8306,-91.7944,,,,,,,,,
1482,232417956,7/28/2024,35.99205278,-92.00855278,41,USC00030458,BATESVILLE,35.8306,-91.7944,,,,,,,,,
1509,232289056,7/28/2024,36.26342498,-91.55642124,41,USC00030458,BATESVILLE,35.8306,-91.7944,,,,,,,,,
1020,234724931,8/7/2024,35.49857833,-91.83716667,41,USC00030458,BATESVILLE,35.8306,-91.7944,,,,,,,,,
1023,279838278,5/9/2025,35.54203333,-91.84864167,41,USC00030458,BATESVILLE,35.8306,-91.7944,,,,,,,,,
1024,282506282,5/19/2025,35.52334137,-92.00276848,43,USC00030458,BATESVILLE,35.8306,-91.7944,,,,,,,,,
1025,285408062,5/29/2025,35.5177473,-92.13601143,11,USC00030458,BATESVILLE,35.8306,-91.7944,,,,,,,,,
1026,285473905,5/30/2025,35.50303333,-91.83573,42,USC00030458,BATESVILLE,35.8306,-91.7944,,,,,,,,,
1028,290699434,6/18/2025,35.491275,-92.1056055,43,USC00030458,BATESVILLE,35.8306,-91.7944,,,,,,,,,
1485,290745739,6/18/2025,36.251526,-92.1905826,43,USC00030458,BATESVILLE,35.8306,-91.7944,,,,,,,,,
1029,290907942,6/9/2025,35.8069424,-92.31866734,41,USC00030458,BATESVILLE,35.8306,-91.7944,,,,,,,,,
1030,294610624,7/2/2025,35.48942184,-91.98628235,41,USC00030458,BATESVILLE,35.8306,-91.7944,,,,,,,,,
1034,296990820,6/21/2025,35.61694667,-92.24915333,21,USC00030458,BATESVILLE,35.8306,-91.7944,,,,,,,,,
1486,291560325,6/21/2025,35.98538611,-92.008325,43,USC00030458,BATESVILLE,35.8306,-91.7944,,,,,,,,,
1036,326089439,6/19/2025,35.50504819,-91.8306946,42,USC00030458,BATESVILLE,35.8306,-91.7944,,,,,,,,,
1039,361338906,5/13/2026,35.58311073,-91.94636277,81,USC00030458,BATESVILLE,35.8306,-91.7944,,,,,,,,,
1040,363052533,5/19/2026,35.51862167,-92.00000833,43,USC00030458,BATESVILLE,35.8306,-91.7944,,,,,,,,,
1041,367382896,5/30/2026,35.50423407,-91.83074234,42,USC00030458,BATESVILLE,35.8306,-91.7944,,,,,,,,,
1042,368681650,6/5/2026,35.65601349,-92.45043945,43,USC00030458,BATESVILLE,35.8306,-91.7944,,,,,,,,,
1043,368689639,6/5/2026,35.65576553,-92.45085907,41,USC00030458,BATESVILLE,35.8306,-91.7944,,,,,,,,,
1045,371018276,6/12/2026,35.64795598,-92.44220081,41,USC00030458,BATESVILLE,35.8306,-91.7944,,,,,,,,,
1046,371019071,6/12/2026,35.66823082,-92.45257381,41,USC00030458,BATESVILLE,35.8306,-91.7944,,,,,,,,,
1047,371640542,6/14/2026,35.64454441,-92.40781131,43,USC00030458,BATESVILLE,35.8306,-91.7944,,,,,,,,,
1048,371640582,6/14/2026,35.64461448,-92.40775664,43,USC00030458,BATESVILLE,35.8306,-91.7944,,,,,,,,,
1491,371643005,6/14/2026,36.2372601,-92.30569055,81,USC00030458,BATESVILLE,35.8306,-91.7944,,,,,,,,,
1050,373995088,6/20/2026,35.50469084,-91.83423895,43,USC00030458,BATESVILLE,35.8306,-91.7944,,,,,,,,,
1051,375710042,6/26/2026,35.56008833,-92.262345,42,USC00030458,BATESVILLE,35.8306,-91.7944,,,,,,,,,
1053,376415087,6/26/2026,35.5135135,-91.9961396,82,USC00030458,BATESVILLE,35.8306,-91.7944,,,,,,,,,
1052,376296845,6/28/2026,35.67504592,-92.42970453,81,USC00030458,BATESVILLE,35.8306,-91.7944,,,,,,,,,
1055,377263722,6/28/2026,35.37835066,-91.89201247,21,USC00030458,BATESVILLE,35.8306,-91.7944,,,,,,,,,
1492,376366420,6/28/2026,36.0481126,-92.0837784,42,USC00030458,BATESVILLE,35.8306,-91.7944,,,,,,,,,
1056,381744371,7/15/2026,35.742541,-92.35832997,41,USC00030458,BATESVILLE,35.8306,-91.7944,,,,,,,,,
1057,381747147,7/15/2026,35.7427049,-92.357461,41,USC00030458,BATESVILLE,35.8306,-91.7944,,,,,,,,,
1058,381749442,7/15/2026,35.743386,-92.356465,41,USC00030458,BATESVILLE,35.8306,-91.7944,,,,,,,,,
1059,381749579,7/15/2026,35.743645,-92.356341,41,USC00030458,BATESVILLE,35.8306,-91.7944,,,,,,,,,
1060,381773122,7/15/2026,35.7432127,-92.35961602,41,USC00030458,BATESVILLE,35.8306,-91.7944,,,,,,,,,
1061,381774027,7/15/2026,35.74315721,-92.3596125,41,USC00030458,BATESVILLE,35.8306,-91.7944,,,,,,,,,
1062,51744361,7/2/2020,35.70419167,-91.59660556,41,USC00030458,BATESVILLE,35.8306,-91.7944,,,,,,,,,
1063,51744389,7/2/2020,35.704875,-91.59653056,43,USC00030458,BATESVILLE,35.8306,-91.7944,,,,,,,,,
1064,51744724,7/2/2020,35.7042,-91.59661667,41,USC00030458,BATESVILLE,35.8306,-91.7944,,,,,,,,,
1067,265055129,7/2/2020,35.77489774,-91.62705393,43,USC00030458,BATESVILLE,35.8306,-91.7944,,,,,,,,,
1065,51956897,7/4/2020,35.70441664,-91.5962768,43,USC00030458,BATESVILLE,35.8306,-91.7944,,,,,,,,,
1066,88963935,7/28/2021,35.31622443,-91.6489993,81,USC00030458,BATESVILLE,35.8306,-91.7944,,,,,,,,,
1068,284066916,5/21/2025,35.60949632,-91.70240845,41,USC00030458,BATESVILLE,35.8306,-91.7944,,,,,,,,,
1483,283043181,5/21/2025,36.0389693,-92.067368,41,USC00030458,BATESVILLE,35.8306,-91.7944,,,,,,,,,
1069,286554182,6/3/2025,35.76095556,-91.62147222,41,USC00030458,BATESVILLE,35.8306,-91.7944,,,,,,,,,
1070,294343716,7/1/2025,35.28157612,-91.66478048,41,USC00030458,BATESVILLE,35.8306,-91.7944,,,,,,,,,
1487,294427283,7/1/2025,36.34165305,-92.31338508,41,USC00030458,BATESVILLE,35.8306,-91.7944,,,,,,,,,
1471,81628085,6/4/2021,36.36301591,-92.31452407,21,USC00030458,BATESVILLE,35.8306,-91.7944,,,,,,,,,
1472,87393729,10/2/2020,35.8890901,-92.109895,41,USC00030458,BATESVILLE,35.8306,-91.7944,,,,,,,,,
1473,169165787,6/22/2023,36.05990292,-92.31649497,41,USC00030458,BATESVILLE,35.8306,-91.7944,,,,,,,,,
1474,214864456,5/10/2024,35.96158833,-92.1191555,21,USC00030458,BATESVILLE,35.8306,-91.7944,,,,,,,,,
1475,214872093,5/10/2024,35.95218333,-92.12118617,41,USC00030458,BATESVILLE,35.8306,-91.7944,,,,,,,,,
1476,214872311,5/10/2024,35.95191167,-92.12114717,41,USC00030458,BATESVILLE,35.8306,-91.7944,,,,,,,,,
1477,217951799,5/24/2024,36.25160546,-92.34477077,41,USC00030458,BATESVILLE,35.8306,-91.7944,,,,,,,,,
1478,218403747,5/26/2024,36.28643839,-92.25873129,41,USC00030458,BATESVILLE,35.8306,-91.7944,,,,,,,,,
1479,219122941,5/28/2024,36.31378715,-92.32692508,81,USC00030458,BATESVILLE,35.8306,-91.7944,,,,,,,,,
1480,220902350,6/5/2024,35.98151667,-91.99896111,41,USC00030458,BATESVILLE,35.8306,-91.7944,,,,,,,,,
1481,222013421,6/10/2024,35.98919167,-92.00817778,41,USC00030458,BATESVILLE,35.8306,-91.7944,,,,,,,,,
1506,222011730,6/10/2024,36.34616167,-91.59314667,21,USC00030458,BATESVILLE,35.8306,-91.7944,,,,,,,,,
1484,286150997,5/31/2025,36.02760695,-92.35389826,41,USC00030458,BATESVILLE,35.8306,-91.7944,,,,,,,,,
1515,289348873,5/31/2025,36.2675633,-91.5567214,71,USC00030458,BATESVILLE,35.8306,-91.7944,,,,,,,,,
1489,364544475,5/23/2026,36.13128445,-92.28891647,81,USC00030458,BATESVILLE,35.8306,-91.7944,,,,,,,,,
1490,364780060,5/22/2026,35.97722927,-92.49517874,21,USC00030458,BATESVILLE,35.8306,-91.7944,,,,,,,,,
1493,379223305,7/5/2026,36.02864381,-92.35350831,41,USC00030458,BATESVILLE,35.8306,-91.7944,,,,,,,,,
1494,26987472,6/14/2019,35.9620487,-91.5391731,81,USC00030458,BATESVILLE,35.8306,-91.7944,,,,,,,,,
1495,26987535,6/14/2019,35.977107,-91.5585516,21,USC00030458,BATESVILLE,35.8306,-91.7944,,,,,,,,,
1496,27175803,6/14/2019,36.24636958,-91.47780664,41,USC00030458,BATESVILLE,35.8306,-91.7944,,,,,,,,,
1498,49661890,6/14/2020,36.25764167,-91.47899722,41,USC00030458,BATESVILLE,35.8306,-91.7944,,,,,,,,,
1499,134641853,9/11/2022,36.258825,-91.47746667,41,USC00030458,BATESVILLE,35.8306,-91.7944,,,,,,,,,
1500,177677870,7/21/2023,35.94723833,-91.46939667,41,USC00030458,BATESVILLE,35.8306,-91.7944,,,,,,,,,
1501,177678047,7/21/2023,35.94725833,-91.46942833,41,USC00030458,BATESVILLE,35.8306,-91.7944,,,,,,,,,
1502,177678258,7/21/2023,35.94675,-91.46974167,41,USC00030458,BATESVILLE,35.8306,-91.7944,,,,,,,,,
1503,214112067,5/6/2024,36.10653317,-91.78767186,43,USC00030458,BATESVILLE,35.8306,-91.7944,,,,,,,,,
1504,217622666,5/22/2024,36.10653588,-91.7876628,43,USC00030458,BATESVILLE,35.8306,-91.7944,,,,,,,,,
1505,219233402,5/29/2024,36.10639042,-91.78866964,43,USC00030458,BATESVILLE,35.8306,-91.7944,,,,,,,,,
1507,222294101,6/11/2024,36.28748679,-91.56684056,41,USC00030458,BATESVILLE,35.8306,-91.7944,,,,,,,,,
1508,228653731,7/9/2024,36.10652044,-91.78762659,43,USC00030458,BATESVILLE,35.8306,-91.7944,,,,,,,,,
1510,234342402,7/27/2024,35.94699667,-91.4691,41,USC00030458,BATESVILLE,35.8306,-91.7944,,,,,,,,,
1511,283260024,5/20/2025,36.284605,-91.63085833,22,USC00030458,BATESVILLE,35.8306,-91.7944,,,,,,,,,
1512,284331889,5/25/2025,36.258325,-91.47725833,41,USC00030458,BATESVILLE,35.8306,-91.7944,,,,,,,,,
1514,287382577,6/6/2025,36.10651096,-91.78771276,43,USC00030458,BATESVILLE,35.8306,-91.7944,,,,,,,,,
1516,295384967,6/28/2025,35.94662167,-91.46887167,71,USC00030458,BATESVILLE,35.8306,-91.7944,,,,,,,,,
1517,369098607,6/2/2026,36.10401371,-91.78637941,43,USC00030458,BATESVILLE,35.8306,-91.7944,,,,,,,,,
1518,374061529,6/21/2026,36.31366333,-91.52764667,41,USC00030458,BATESVILLE,35.8306,-91.7944,,,,,,,,,
1519,383202417,6/25/2026,36.31055,-91.80500833,41,USC00030458,BATESVILLE,35.8306,-91.7944,,,,,,,,,
1574,27961129,6/30/2019,35.889979,-90.082928,90,USW00093991,WALNUT RIDGE,36.12528,-90.92444,,,,,,,,,
1575,27961159,6/30/2019,35.889979,-90.082928,90,USW00093991,WALNUT RIDGE,36.12528,-90.92444,,,,,,,,,
1697,53284470,7/16/2020,36.38547847,-92.22472354,23,USC00030458,BATESVILLE,35.8306,-91.7944,,,,,,,,,
1699,31526112,8/25/2019,36.48305,-91.54386167,41,USC00030458,BATESVILLE,35.8306,-91.7944,,,,,,,,,
